CustomerID,CustomerName,CustomerType,Email,Phone,RegistrationDate,IsActive
CUST-0001,Patricia Brown,Individual,patricia.brown@email.com,555-2588,11/14/2021,Yes
CUST-0002,Jennifer Garcia,Individual,jennifer.garcia@email.com,555-7735,05/30/2021,Yes
CUST-0003,Susan Lopez,Individual,susan.lopez@email.com,555-2612,12/05/2021,Yes
CUST-0004,Grand Grill,Business,grand.grill@business.com,555-5073,11/07/2021,Yes
CUST-0005,City Bistro,Business,city.bistro@business.com,555-3296,05/17/2021,Yes
CUST-0006,Michael Jones,Individual,michael.jones@email.com,555-5092,05/10/2021,Yes
CUST-0007,Mary Johnson,Individual,mary.johnson@email.com,555-2604,05/20/2021,Yes
CUST-0008,City Bistro,Business,city.bistro@business.com,555-2528,12/25/2021,Yes
CUST-0009,Jessica Johnson,Individual,jessica.johnson@email.com,555-3724,09/02/2021,Yes
CUST-0010,Linda Davis,Individual,linda.davis@email.com,555-7570,09/14/2021,Yes
CUST-0011,Robert Williams,Individual,robert.williams@email.com,555-1035,06/21/2021,Yes
CUST-0012,Michael Jones,Individual,michael.jones@email.com,555-5673,05/14/2021,Yes
CUST-0013,Susan Lopez,Individual,susan.lopez@email.com,555-8973,03/23/2021,Yes
CUST-0014,Grand Grill,Business,grand.grill@business.com,555-1958,09/12/2021,Yes
CUST-0015,David Rodriguez,Individual,david.rodriguez@email.com,555-6138,12/01/2021,Yes
CUST-0016,City Bistro,Business,city.bistro@business.com,555-9238,05/02/2021,Yes
CUST-0017,David Rodriguez,Individual,david.rodriguez@email.com,555-1931,10/13/2021,Yes
CUST-0018,Mary Johnson,Individual,mary.johnson@email.com,555-2122,09/28/2021,Yes
CUST-0019,James Hernandez,Individual,james.hernandez@email.com,555-7615,09/03/2021,Yes
CUST-0020,City Bistro,Business,city.bistro@business.com,555-1651,08/28/2021,Yes
CUST-0021,William Miller,Individual,william.miller@email.com,555-9565,01/30/2021,Yes
CUST-0022,Michael Jones,Individual,michael.jones@email.com,555-6147,09/19/2021,Yes
CUST-0023,William Miller,Individual,william.miller@email.com,555-5915,10/26/2021,Yes
CUST-0024,John Williams,Individual,john.williams@email.com,555-1152,11/25/2021,Yes
CUST-0025,Elizabeth Martinez,Individual,elizabeth.martinez@email.com,555-2200,11/11/2021,Yes
CUST-0026,David Rodriguez,Individual,david.rodriguez@email.com,555-3170,08/19/2021,Yes
CUST-0027,John Williams,Individual,john.williams@email.com,555-5002,11/27/2021,Yes
CUST-0028,Robert Williams,Individual,robert.williams@email.com,555-9900,05/22/2021,Yes
CUST-0029,Elizabeth Martinez,Individual,elizabeth.martinez@email.com,555-9666,02/01/2021,Yes
CUST-0030,City Bistro,Business,city.bistro@business.com,555-2697,08/01/2021,Yes
CUST-0031,Robert Williams,Individual,robert.williams@email.com,555-2891,08/19/2021,Yes
CUST-0032,Susan Lopez,Individual,susan.lopez@email.com,555-3546,03/24/2021,Yes
CUST-0033,Elizabeth Martinez,Individual,elizabeth.martinez@email.com,555-6617,09/16/2021,Yes
CUST-0034,James Hernandez,Individual,james.hernandez@email.com,555-9280,08/19/2021,Yes
CUST-0035,John Williams,Individual,john.williams@email.com,555-2512,12/06/2021,Yes
CUST-0036,Jessica Johnson,Individual,jessica.johnson@email.com,555-1722,08/13/2021,Yes
CUST-0037,Sunrise Cafe,Business,sunrise.cafe@business.com,555-5291,02/09/2021,Yes
CUST-0038,Happy Catering,Business,happy.catering@business.com,555-8007,03/25/2021,Yes
CUST-0039,Mary Johnson,Individual,mary.johnson@email.com,555-3442,11/24/2021,Yes
CUST-0040,Jessica Johnson,Individual,jessica.johnson@email.com,555-3426,06/26/2021,Yes
CUST-0041,John Smith,Individual,john.smith@email.com,555-6974,07/28/2021,Yes
CUST-0042,Joseph Smith,Individual,joseph.smith@email.com,555-6862,12/12/2021,Yes
CUST-0043,Patricia Brown,Individual,patricia.brown@email.com,555-2684,01/25/2021,Yes
CUST-0044,David Rodriguez,Individual,david.rodriguez@email.com,555-3532,06/07/2021,Yes
CUST-0045,Patricia Brown,Individual,patricia.brown@email.com,555-3900,10/10/2021,Yes
CUST-0046,John Smith,Individual,john.smith@email.com,555-6442,10/02/2021,Yes
CUST-0047,William Miller,Individual,william.miller@email.com,555-5065,01/24/2021,Yes
CUST-0048,Joseph Smith,Individual,joseph.smith@email.com,555-2771,01/07/2021,Yes
CUST-0049,John Smith,Individual,john.smith@email.com,555-4644,05/06/2021,Yes
CUST-0050,Happy Catering,Business,happy.catering@business.com,555-6000,07/06/2021,Yes
CUST-0051,Jessica Johnson,Individual,jessica.johnson@email.com,555-4652,09/07/2021,Yes
CUST-0052,Sunrise Cafe,Business,sunrise.cafe@business.com,555-6378,06/11/2021,Yes
CUST-0053,Mary Johnson,Individual,mary.johnson@email.com,555-6753,08/12/2021,Yes
CUST-0054,William Miller,Individual,william.miller@email.com,555-9785,01/19/2021,Yes
CUST-0055,John Smith,Individual,john.smith@email.com,555-5279,11/03/2021,Yes
CUST-0056,Grand Grill,Business,grand.grill@business.com,555-2776,12/13/2021,Yes
CUST-0057,Jennifer Garcia,Individual,jennifer.garcia@email.com,555-8149,07/25/2021,Yes
CUST-0058,David Rodriguez,Individual,david.rodriguez@email.com,555-7311,11/03/2021,Yes
CUST-0059,Patricia Brown,Individual,patricia.brown@email.com,555-1727,08/24/2021,Yes
CUST-0060,John Smith,Individual,john.smith@email.com,555-9821,04/10/2021,Yes
CUST-0061,Susan Lopez,Individual,susan.lopez@email.com,555-4228,01/23/2021,Yes
CUST-0062,Mary Johnson,Individual,mary.johnson@email.com,555-6409,01/26/2021,Yes
CUST-0063,James Hernandez,Individual,james.hernandez@email.com,555-5920,10/30/2021,Yes
CUST-0064,James Hernandez,Individual,james.hernandez@email.com,555-6344,06/06/2021,Yes
CUST-0065,Michael Jones,Individual,michael.jones@email.com,555-3085,03/24/2021,Yes
CUST-0066,Happy Catering,Business,happy.catering@business.com,555-3851,01/20/2021,Yes
CUST-0067,Michael Jones,Individual,michael.jones@email.com,555-9977,06/08/2021,Yes
CUST-0068,Michael Jones,Individual,michael.jones@email.com,555-4443,08/08/2021,Yes
CUST-0069,Elizabeth Martinez,Individual,elizabeth.martinez@email.com,555-6279,02/25/2021,Yes
CUST-0070,Linda Davis,Individual,linda.davis@email.com,555-4501,01/21/2021,Yes
CUST-0071,Joseph Smith,Individual,joseph.smith@email.com,555-2389,10/07/2021,Yes
CUST-0072,James Hernandez,Individual,james.hernandez@email.com,555-6491,02/11/2021,Yes
CUST-0073,Sunrise Cafe,Business,sunrise.cafe@business.com,555-6085,01/22/2021,Yes
CUST-0074,Patricia Brown,Individual,patricia.brown@email.com,555-1400,10/18/2021,Yes
CUST-0075,Happy Catering,Business,happy.catering@business.com,555-2193,02/23/2021,Yes
CUST-0076,John Williams,Individual,john.williams@email.com,555-4185,02/13/2021,Yes
CUST-0077,William Miller,Individual,william.miller@email.com,555-7547,04/23/2021,Yes
CUST-0078,James Hernandez,Individual,james.hernandez@email.com,555-1090,01/14/2021,Yes
CUST-0079,Jessica Johnson,Individual,jessica.johnson@email.com,555-7965,11/08/2021,Yes
CUST-0080,Joseph Smith,Individual,joseph.smith@email.com,555-9486,01/10/2021,Yes
CUST-0081,David Rodriguez,Individual,david.rodriguez@email.com,555-2988,08/27/2021,Yes
CUST-0082,Joseph Smith,Individual,joseph.smith@email.com,555-9702,05/09/2021,Yes
CUST-0083,Elizabeth Martinez,Individual,elizabeth.martinez@email.com,555-8251,07/23/2021,Yes
CUST-0084,Susan Lopez,Individual,susan.lopez@email.com,555-7991,04/18/2021,Yes
CUST-0085,David Rodriguez,Individual,david.rodriguez@email.com,555-3607,05/18/2021,Yes
CUST-0086,Linda Davis,Individual,linda.davis@email.com,555-5246,05/16/2021,Yes
CUST-0087,Jessica Johnson,Individual,jessica.johnson@email.com,555-5543,02/09/2021,Yes
CUST-0088,David Rodriguez,Individual,david.rodriguez@email.com,555-4919,04/28/2021,Yes
CUST-0089,Mary Johnson,Individual,mary.johnson@email.com,555-5681,01/01/2021,Yes
CUST-0090,Jennifer Garcia,Individual,jennifer.garcia@email.com,555-9849,07/22/2021,Yes
CUST-0091,Sunrise Cafe,Business,sunrise.cafe@business.com,555-7275,09/05/2021,Yes
CUST-0092,Susan Lopez,Individual,susan.lopez@email.com,555-2052,09/14/2021,Yes
CUST-0093,Jennifer Garcia,Individual,jennifer.garcia@email.com,555-8633,03/30/2021,Yes
CUST-0094,Patricia Brown,Individual,patricia.brown@email.com,555-7381,05/31/2021,Yes
CUST-0095,Elizabeth Martinez,Individual,elizabeth.martinez@email.com,555-1320,01/10/2021,Yes
CUST-0096,Joseph Smith,Individual,joseph.smith@email.com,555-7232,03/13/2021,Yes
CUST-0097,Jennifer Garcia,Individual,jennifer.garcia@email.com,555-7389,08/02/2021,Yes
CUST-0098,Jessica Johnson,Individual,jessica.johnson@email.com,555-9818,06/01/2021,Yes
CUST-0099,David Rodriguez,Individual,david.rodriguez@email.com,555-4613,02/27/2021,Yes
CUST-0100,Michael Jones,Individual,michael.jones@email.com,555-8956,05/23/2021,Yes
CUST-0101,Grand Grill,Business,grand.grill@business.com,555-7624,01/24/2021,Yes
CUST-0102,Jessica Johnson,Individual,jessica.johnson@email.com,555-3091,05/07/2021,Yes
CUST-0103,David Rodriguez,Individual,david.rodriguez@email.com,555-7455,12/19/2021,Yes
CUST-0104,James Hernandez,Individual,james.hernandez@email.com,555-2375,12/19/2021,Yes
CUST-0105,Robert Williams,Individual,robert.williams@email.com,555-3977,05/10/2021,Yes
CUST-0106,Happy Catering,Business,happy.catering@business.com,555-4467,07/18/2021,Yes
CUST-0107,Jennifer Garcia,Individual,jennifer.garcia@email.com,555-5558,06/21/2021,Yes
CUST-0108,Jessica Johnson,Individual,jessica.johnson@email.com,555-5133,05/31/2021,Yes
CUST-0109,Linda Davis,Individual,linda.davis@email.com,555-9837,12/23/2021,Yes
CUST-0110,Grand Grill,Business,grand.grill@business.com,555-2124,09/09/2021,Yes
CUST-0111,James Hernandez,Individual,james.hernandez@email.com,555-1508,12/12/2021,Yes
CUST-0112,Patricia Brown,Individual,patricia.brown@email.com,555-3496,12/22/2021,Yes
CUST-0113,Linda Davis,Individual,linda.davis@email.com,555-2874,01/24/2021,Yes
CUST-0114,Patricia Brown,Individual,patricia.brown@email.com,555-5198,05/08/2021,Yes
CUST-0115,Robert Williams,Individual,robert.williams@email.com,555-2876,02/25/2021,Yes
CUST-0116,Robert Williams,Individual,robert.williams@email.com,555-2771,07/26/2021,Yes
CUST-0117,John Williams,Individual,john.williams@email.com,555-7149,07/26/2021,Yes
CUST-0118,Susan Lopez,Individual,susan.lopez@email.com,555-2245,09/22/2021,Yes
CUST-0119,Jessica Johnson,Individual,jessica.johnson@email.com,555-4978,02/14/2021,Yes
CUST-0120,Grand Grill,Business,grand.grill@business.com,555-2983,01/16/2021,Yes
CUST-0121,Elizabeth Martinez,Individual,elizabeth.martinez@email.com,555-6688,12/11/2021,Yes
CUST-0122,James Hernandez,Individual,james.hernandez@email.com,555-2129,06/26/2021,Yes
CUST-0123,Jennifer Garcia,Individual,jennifer.garcia@email.com,555-7882,12/26/2021,Yes
CUST-0124,Mary Johnson,Individual,mary.johnson@email.com,555-6934,05/25/2021,Yes
CUST-0125,Jessica Johnson,Individual,jessica.johnson@email.com,555-3506,05/11/2021,Yes
CUST-0126,Susan Lopez,Individual,susan.lopez@email.com,555-5425,04/09/2021,Yes
CUST-0127,John Williams,Individual,john.williams@email.com,555-8921,04/01/2021,Yes
CUST-0128,Jessica Johnson,Individual,jessica.johnson@email.com,555-5397,03/04/2021,Yes
CUST-0129,Patricia Brown,Individual,patricia.brown@email.com,555-5569,11/18/2021,Yes
CUST-0130,Patricia Brown,Individual,patricia.brown@email.com,555-7209,05/09/2021,Yes
CUST-0131,Linda Davis,Individual,linda.davis@email.com,555-3979,07/19/2021,Yes
CUST-0132,Jennifer Garcia,Individual,jennifer.garcia@email.com,555-6576,08/22/2021,Yes
CUST-0133,Elizabeth Martinez,Individual,elizabeth.martinez@email.com,555-5526,01/07/2021,Yes
CUST-0134,David Rodriguez,Individual,david.rodriguez@email.com,555-2402,09/26/2021,Yes
CUST-0135,William Miller,Individual,william.miller@email.com,555-4937,04/26/2021,Yes
CUST-0136,James Hernandez,Individual,james.hernandez@email.com,555-9041,01/02/2021,Yes
CUST-0137,John Smith,Individual,john.smith@email.com,555-5820,11/15/2021,Yes
CUST-0138,Susan Lopez,Individual,susan.lopez@email.com,555-6016,08/30/2021,Yes
CUST-0139,Jennifer Garcia,Individual,jennifer.garcia@email.com,555-9698,05/04/2021,Yes
CUST-0140,Susan Lopez,Individual,susan.lopez@email.com,555-6419,03/26/2021,Yes
CUST-0141,Linda Davis,Individual,linda.davis@email.com,555-6023,08/16/2021,Yes
CUST-0142,Mary Johnson,Individual,mary.johnson@email.com,555-6169,09/25/2021,Yes
CUST-0143,City Bistro,Business,city.bistro@business.com,555-4033,01/13/2021,Yes
CUST-0144,Happy Catering,Business,happy.catering@business.com,555-9595,08/13/2021,Yes
CUST-0145,Mary Johnson,Individual,mary.johnson@email.com,555-5853,09/24/2021,Yes
CUST-0146,Robert Williams,Individual,robert.williams@email.com,555-1231,07/31/2021,Yes
CUST-0147,Robert Williams,Individual,robert.williams@email.com,555-1745,08/14/2021,Yes
CUST-0148,David Rodriguez,Individual,david.rodriguez@email.com,555-3068,08/05/2021,Yes
CUST-0149,Joseph Smith,Individual,joseph.smith@email.com,555-2680,04/25/2021,Yes
CUST-0150,Elizabeth Martinez,Individual,elizabeth.martinez@email.com,555-8690,08/09/2021,Yes
CUST-0151,Jennifer Garcia,Individual,jennifer.garcia@email.com,555-1841,09/29/2021,Yes
CUST-0152,Jessica Johnson,Individual,jessica.johnson@email.com,555-2869,05/02/2021,Yes
CUST-0153,William Miller,Individual,william.miller@email.com,555-2213,04/25/2021,Yes
CUST-0154,James Hernandez,Individual,james.hernandez@email.com,555-3485,12/05/2021,Yes
CUST-0155,City Bistro,Business,city.bistro@business.com,555-2395,07/30/2021,Yes
CUST-0156,Mary Johnson,Individual,mary.johnson@email.com,555-7818,03/22/2021,Yes
CUST-0157,Joseph Smith,Individual,joseph.smith@email.com,555-4697,02/19/2021,Yes
CUST-0158,William Miller,Individual,william.miller@email.com,555-8253,05/16/2021,Yes
CUST-0159,Elizabeth Martinez,Individual,elizabeth.martinez@email.com,555-6003,05/27/2021,Yes
CUST-0160,John Smith,Individual,john.smith@email.com,555-2625,02/23/2021,Yes
CUST-0161,Patricia Brown,Individual,patricia.brown@email.com,555-4457,02/15/2021,Yes
CUST-0162,Mary Johnson,Individual,mary.johnson@email.com,555-4929,10/13/2021,Yes
CUST-0163,Green Hotel,Business,green.hotel@business.com,555-1043,10/13/2021,Yes
CUST-0164,Susan Lopez,Individual,susan.lopez@email.com,555-8699,03/03/2021,Yes
CUST-0165,Patricia Brown,Individual,patricia.brown@email.com,555-5632,08/07/2021,Yes
CUST-0166,Linda Davis,Individual,linda.davis@email.com,555-4824,11/26/2021,Yes
CUST-0167,Joseph Smith,Individual,joseph.smith@email.com,555-4241,02/15/2021,Yes
CUST-0168,David Rodriguez,Individual,david.rodriguez@email.com,555-3441,09/08/2021,Yes
CUST-0169,Jessica Johnson,Individual,jessica.johnson@email.com,555-2169,10/21/2021,Yes
CUST-0170,Grand Grill,Business,grand.grill@business.com,555-5728,03/03/2021,Yes
CUST-0171,Linda Davis,Individual,linda.davis@email.com,555-5982,01/14/2021,Yes
CUST-0172,Michael Jones,Individual,michael.jones@email.com,555-9847,04/20/2021,Yes
CUST-0173,Mary Johnson,Individual,mary.johnson@email.com,555-1653,03/01/2021,Yes
CUST-0174,Susan Lopez,Individual,susan.lopez@email.com,555-5102,07/20/2021,Yes
CUST-0175,Sunrise Cafe,Business,sunrise.cafe@business.com,555-1339,01/21/2021,Yes
CUST-0176,James Hernandez,Individual,james.hernandez@email.com,555-1659,08/17/2021,Yes
CUST-0177,Robert Williams,Individual,robert.williams@email.com,555-9502,05/06/2021,Yes
CUST-0178,John Williams,Individual,john.williams@email.com,555-3973,08/12/2021,Yes
CUST-0179,William Miller,Individual,william.miller@email.com,555-9056,02/10/2021,Yes
CUST-0180,Linda Davis,Individual,linda.davis@email.com,555-7690,07/07/2021,Yes
CUST-0181,James Hernandez,Individual,james.hernandez@email.com,555-3634,11/09/2021,Yes
CUST-0182,Susan Lopez,Individual,susan.lopez@email.com,555-5722,04/23/2021,Yes
CUST-0183,William Miller,Individual,william.miller@email.com,555-1601,03/26/2021,Yes
CUST-0184,Jennifer Garcia,Individual,jennifer.garcia@email.com,555-6296,08/25/2021,Yes
CUST-0185,Happy Catering,Business,happy.catering@business.com,555-1018,04/13/2021,Yes
CUST-0186,David Rodriguez,Individual,david.rodriguez@email.com,555-7770,05/10/2021,Yes
CUST-0187,City Bistro,Business,city.bistro@business.com,555-9167,06/30/2021,Yes
CUST-0188,Joseph Smith,Individual,joseph.smith@email.com,555-4335,12/06/2021,Yes
CUST-0189,Robert Williams,Individual,robert.williams@email.com,555-8178,08/07/2021,Yes
CUST-0190,Linda Davis,Individual,linda.davis@email.com,555-1472,10/31/2021,Yes
CUST-0191,Elizabeth Martinez,Individual,elizabeth.martinez@email.com,555-3594,09/01/2021,Yes
CUST-0192,John Smith,Individual,john.smith@email.com,555-7684,03/25/2021,Yes
CUST-0193,Green Hotel,Business,green.hotel@business.com,555-2924,05/10/2021,Yes
CUST-0194,Robert Williams,Individual,robert.williams@email.com,555-5781,04/21/2021,Yes
CUST-0195,Michael Jones,Individual,michael.jones@email.com,555-8905,06/03/2021,Yes
CUST-0196,Patricia Brown,Individual,patricia.brown@email.com,555-3369,05/13/2021,Yes
CUST-0197,John Williams,Individual,john.williams@email.com,555-9327,03/01/2021,Yes
CUST-0198,Robert Williams,Individual,robert.williams@email.com,555-5526,11/27/2021,Yes
CUST-0199,Jessica Johnson,Individual,jessica.johnson@email.com,555-6568,06/03/2021,Yes
CUST-0200,David Rodriguez,Individual,david.rodriguez@email.com,555-1042,08/18/2021,Yes
CUST-0201,Michael Jones,Individual,michael.jones@email.com,555-9022,03/07/2021,Yes
CUST-0202,Linda Davis,Individual,linda.davis@email.com,555-8935,04/01/2021,Yes
CUST-0203,David Rodriguez,Individual,david.rodriguez@email.com,555-7180,03/29/2021,Yes
CUST-0204,Jennifer Garcia,Individual,jennifer.garcia@email.com,555-4912,09/27/2021,Yes
CUST-0205,Patricia Brown,Individual,patricia.brown@email.com,555-1715,06/05/2021,Yes
CUST-0206,Linda Davis,Individual,linda.davis@email.com,555-7246,01/05/2021,Yes
CUST-0207,James Hernandez,Individual,james.hernandez@email.com,555-3492,02/02/2021,Yes
CUST-0208,John Smith,Individual,john.smith@email.com,555-9229,10/29/2021,Yes
CUST-0209,Jennifer Garcia,Individual,jennifer.garcia@email.com,555-8213,11/11/2021,Yes
CUST-0210,Happy Catering,Business,happy.catering@business.com,555-3361,12/25/2021,Yes
CUST-0211,James Hernandez,Individual,james.hernandez@email.com,555-2225,10/14/2021,Yes
CUST-0212,Michael Jones,Individual,michael.jones@email.com,555-7512,07/12/2021,Yes
CUST-0213,Jessica Johnson,Individual,jessica.johnson@email.com,555-9742,07/17/2021,Yes
CUST-0214,Jennifer Garcia,Individual,jennifer.garcia@email.com,555-8994,02/15/2021,Yes
CUST-0215,John Smith,Individual,john.smith@email.com,555-2121,02/19/2021,Yes
CUST-0216,James Hernandez,Individual,james.hernandez@email.com,555-4727,08/07/2021,Yes
CUST-0217,William Miller,Individual,william.miller@email.com,555-2646,11/12/2021,Yes
CUST-0218,Susan Lopez,Individual,susan.lopez@email.com,555-1474,08/01/2021,Yes
CUST-0219,Green Hotel,Business,green.hotel@business.com,555-6873,08/04/2021,Yes
CUST-0220,Robert Williams,Individual,robert.williams@email.com,555-9702,08/29/2021,Yes
CUST-0221,James Hernandez,Individual,james.hernandez@email.com,555-3785,10/01/2021,Yes
CUST-0222,City Bistro,Business,city.bistro@business.com,555-4945,06/20/2021,Yes
CUST-0223,Elizabeth Martinez,Individual,elizabeth.martinez@email.com,555-4804,10/20/2021,Yes
CUST-0224,Michael Jones,Individual,michael.jones@email.com,555-5183,05/11/2021,Yes
CUST-0225,John Williams,Individual,john.williams@email.com,555-5712,05/08/2021,Yes
CUST-0226,Robert Williams,Individual,robert.williams@email.com,555-8237,11/25/2021,Yes
CUST-0227,Elizabeth Martinez,Individual,elizabeth.martinez@email.com,555-7951,08/01/2021,Yes
CUST-0228,Linda Davis,Individual,linda.davis@email.com,555-4263,07/31/2021,Yes
CUST-0229,Jessica Johnson,Individual,jessica.johnson@email.com,555-2747,04/29/2021,Yes
CUST-0230,Elizabeth Martinez,Individual,elizabeth.martinez@email.com,555-5847,07/02/2021,Yes
CUST-0231,Michael Jones,Individual,michael.jones@email.com,555-7484,12/21/2021,Yes
CUST-0232,Elizabeth Martinez,Individual,elizabeth.martinez@email.com,555-1803,01/15/2021,Yes
CUST-0233,Susan Lopez,Individual,susan.lopez@email.com,555-5689,04/22/2021,Yes
CUST-0234,Patricia Brown,Individual,patricia.brown@email.com,555-6772,02/25/2021,Yes
CUST-0235,Patricia Brown,Individual,patricia.brown@email.com,555-5106,02/18/2021,Yes
CUST-0236,Susan Lopez,Individual,susan.lopez@email.com,555-3240,01/29/2021,Yes
CUST-0237,John Williams,Individual,john.williams@email.com,555-1645,02/14/2021,Yes
CUST-0238,Linda Davis,Individual,linda.davis@email.com,555-6977,12/15/2021,Yes
CUST-0239,Mary Johnson,Individual,mary.johnson@email.com,555-6352,08/03/2021,Yes
CUST-0240,Robert Williams,Individual,robert.williams@email.com,555-3165,09/21/2021,Yes
CUST-0241,John Williams,Individual,john.williams@email.com,555-9697,06/28/2021,Yes
CUST-0242,Michael Jones,Individual,michael.jones@email.com,555-5210,10/09/2021,Yes
CUST-0243,Linda Davis,Individual,linda.davis@email.com,555-6549,08/03/2021,Yes
CUST-0244,Linda Davis,Individual,linda.davis@email.com,555-3306,11/24/2021,Yes
CUST-0245,Patricia Brown,Individual,patricia.brown@email.com,555-7511,01/20/2021,Yes
CUST-0246,Joseph Smith,Individual,joseph.smith@email.com,555-6992,03/22/2021,Yes
CUST-0247,Happy Catering,Business,happy.catering@business.com,555-5332,12/25/2021,Yes
CUST-0248,Linda Davis,Individual,linda.davis@email.com,555-5295,06/27/2021,Yes
CUST-0249,Jessica Johnson,Individual,jessica.johnson@email.com,555-7086,02/09/2021,Yes
CUST-0250,Sunrise Cafe,Business,sunrise.cafe@business.com,555-1410,05/05/2021,Yes
CUST-0251,David Rodriguez,Individual,david.rodriguez@email.com,555-4626,07/18/2021,Yes
CUST-0252,James Hernandez,Individual,james.hernandez@email.com,555-5951,05/09/2021,Yes
CUST-0253,Mary Johnson,Individual,mary.johnson@email.com,555-1742,10/22/2021,Yes
CUST-0254,Michael Jones,Individual,michael.jones@email.com,555-2902,04/24/2021,Yes
CUST-0255,City Bistro,Business,city.bistro@business.com,555-7367,10/24/2021,Yes
CUST-0256,James Hernandez,Individual,james.hernandez@email.com,555-9850,01/10/2021,Yes
CUST-0257,Susan Lopez,Individual,susan.lopez@email.com,555-7797,10/14/2021,Yes
CUST-0258,Jessica Johnson,Individual,jessica.johnson@email.com,555-7686,04/26/2021,Yes
CUST-0259,Michael Jones,Individual,michael.jones@email.com,555-7070,12/16/2021,Yes
CUST-0260,Linda Davis,Individual,linda.davis@email.com,555-6942,09/03/2021,Yes
CUST-0261,Grand Grill,Business,grand.grill@business.com,555-6876,03/29/2021,Yes
CUST-0262,Grand Grill,Business,grand.grill@business.com,555-3001,09/26/2021,Yes
CUST-0263,Jessica Johnson,Individual,jessica.johnson@email.com,555-2501,05/14/2021,Yes
CUST-0264,James Hernandez,Individual,james.hernandez@email.com,555-1349,02/08/2021,Yes
CUST-0265,Grand Grill,Business,grand.grill@business.com,555-3063,08/30/2021,Yes
CUST-0266,Patricia Brown,Individual,patricia.brown@email.com,555-4394,11/27/2021,Yes
CUST-0267,Jessica Johnson,Individual,jessica.johnson@email.com,555-6383,09/04/2021,Yes
CUST-0268,Joseph Smith,Individual,joseph.smith@email.com,555-1046,03/02/2021,Yes
CUST-0269,Robert Williams,Individual,robert.williams@email.com,555-9850,10/27/2021,Yes
CUST-0270,Robert Williams,Individual,robert.williams@email.com,555-1422,11/06/2021,Yes
CUST-0271,Grand Grill,Business,grand.grill@business.com,555-6304,09/02/2021,Yes
CUST-0272,Grand Grill,Business,grand.grill@business.com,555-3076,12/06/2021,Yes
CUST-0273,David Rodriguez,Individual,david.rodriguez@email.com,555-2041,11/04/2021,Yes
CUST-0274,Joseph Smith,Individual,joseph.smith@email.com,555-9408,06/30/2021,Yes
CUST-0275,Linda Davis,Individual,linda.davis@email.com,555-4629,04/19/2021,Yes
CUST-0276,John Smith,Individual,john.smith@email.com,555-9543,01/29/2021,Yes
CUST-0277,James Hernandez,Individual,james.hernandez@email.com,555-1996,12/17/2021,Yes
CUST-0278,Jessica Johnson,Individual,jessica.johnson@email.com,555-7984,06/10/2021,Yes
CUST-0279,Linda Davis,Individual,linda.davis@email.com,555-8267,01/02/2021,Yes
CUST-0280,Green Hotel,Business,green.hotel@business.com,555-3430,07/21/2021,Yes
CUST-0281,Grand Grill,Business,grand.grill@business.com,555-9984,02/16/2021,Yes
CUST-0282,William Miller,Individual,william.miller@email.com,555-9692,03/02/2021,Yes
CUST-0283,David Rodriguez,Individual,david.rodriguez@email.com,555-8048,02/26/2021,Yes
CUST-0284,Green Hotel,Business,green.hotel@business.com,555-4522,01/31/2021,Yes
CUST-0285,John Williams,Individual,john.williams@email.com,555-7779,09/07/2021,Yes
CUST-0286,Linda Davis,Individual,linda.davis@email.com,555-7815,06/11/2021,Yes
CUST-0287,Jennifer Garcia,Individual,jennifer.garcia@email.com,555-6120,05/28/2021,Yes
CUST-0288,Jennifer Garcia,Individual,jennifer.garcia@email.com,555-8770,10/15/2021,Yes
CUST-0289,Green Hotel,Business,green.hotel@business.com,555-8075,11/15/2021,Yes
CUST-0290,Grand Grill,Business,grand.grill@business.com,555-1982,10/27/2021,Yes
CUST-0291,David Rodriguez,Individual,david.rodriguez@email.com,555-6400,03/20/2021,Yes
CUST-0292,William Miller,Individual,william.miller@email.com,555-7929,07/04/2021,Yes
CUST-0293,Susan Lopez,Individual,susan.lopez@email.com,555-5712,12/06/2021,Yes
CUST-0294,Jennifer Garcia,Individual,jennifer.garcia@email.com,555-9313,11/09/2021,Yes
CUST-0295,James Hernandez,Individual,james.hernandez@email.com,555-4674,04/30/2021,Yes
CUST-0296,Jennifer Garcia,Individual,jennifer.garcia@email.com,555-7022,03/23/2021,Yes
CUST-0297,Grand Grill,Business,grand.grill@business.com,555-4705,03/14/2021,Yes
CUST-0298,Jessica Johnson,Individual,jessica.johnson@email.com,555-1430,03/20/2021,Yes
CUST-0299,James Hernandez,Individual,james.hernandez@email.com,555-5381,01/11/2021,Yes
CUST-0300,Grand Grill,Business,grand.grill@business.com,555-6062,01/07/2021,Yes
CUST-0301,Jennifer Garcia,Individual,jennifer.garcia@email.com,555-3972,12/29/2021,Yes
CUST-0302,Elizabeth Martinez,Individual,elizabeth.martinez@email.com,555-7566,01/30/2021,Yes
CUST-0303,Green Hotel,Business,green.hotel@business.com,555-9691,11/16/2021,Yes
CUST-0304,William Miller,Individual,william.miller@email.com,555-6585,05/14/2021,Yes
CUST-0305,Grand Grill,Business,grand.grill@business.com,555-2391,07/19/2021,Yes
CUST-0306,Robert Williams,Individual,robert.williams@email.com,555-1815,10/13/2021,Yes
CUST-0307,Michael Jones,Individual,michael.jones@email.com,555-7947,05/20/2021,Yes
CUST-0308,Linda Davis,Individual,linda.davis@email.com,555-5475,06/03/2021,Yes
CUST-0309,David Rodriguez,Individual,david.rodriguez@email.com,555-6655,11/04/2021,Yes
CUST-0310,Michael Jones,Individual,michael.jones@email.com,555-8972,01/19/2021,Yes
CUST-0311,Michael Jones,Individual,michael.jones@email.com,555-4612,12/09/2021,Yes
CUST-0312,Elizabeth Martinez,Individual,elizabeth.martinez@email.com,555-1125,12/04/2021,Yes
CUST-0313,Patricia Brown,Individual,patricia.brown@email.com,555-5186,10/23/2021,Yes
CUST-0314,Mary Johnson,Individual,mary.johnson@email.com,555-9149,12/29/2021,Yes
CUST-0315,Robert Williams,Individual,robert.williams@email.com,555-7229,10/27/2021,Yes
CUST-0316,Patricia Brown,Individual,patricia.brown@email.com,555-6802,04/20/2021,Yes
CUST-0317,Green Hotel,Business,green.hotel@business.com,555-1307,05/23/2021,Yes
CUST-0318,Mary Johnson,Individual,mary.johnson@email.com,555-8033,07/25/2021,Yes
CUST-0319,Susan Lopez,Individual,susan.lopez@email.com,555-7843,02/08/2021,Yes
CUST-0320,William Miller,Individual,william.miller@email.com,555-6321,12/22/2021,Yes
CUST-0321,City Bistro,Business,city.bistro@business.com,555-6928,05/11/2021,Yes
CUST-0322,Green Hotel,Business,green.hotel@business.com,555-8138,08/30/2021,Yes
CUST-0323,David Rodriguez,Individual,david.rodriguez@email.com,555-7484,11/22/2021,Yes
CUST-0324,Susan Lopez,Individual,susan.lopez@email.com,555-4630,07/12/2021,Yes
CUST-0325,Robert Williams,Individual,robert.williams@email.com,555-9363,11/23/2021,Yes
CUST-0326,David Rodriguez,Individual,david.rodriguez@email.com,555-4176,04/15/2021,Yes
CUST-0327,Jennifer Garcia,Individual,jennifer.garcia@email.com,555-3419,07/06/2021,Yes
CUST-0328,Robert Williams,Individual,robert.williams@email.com,555-4232,08/23/2021,Yes
CUST-0329,Sunrise Cafe,Business,sunrise.cafe@business.com,555-2234,01/31/2021,Yes
CUST-0330,Happy Catering,Business,happy.catering@business.com,555-8354,05/09/2021,Yes
CUST-0331,John Williams,Individual,john.williams@email.com,555-6295,03/18/2021,Yes
CUST-0332,James Hernandez,Individual,james.hernandez@email.com,555-3473,07/24/2021,Yes
CUST-0333,Linda Davis,Individual,linda.davis@email.com,555-5961,05/20/2021,Yes
CUST-0334,Elizabeth Martinez,Individual,elizabeth.martinez@email.com,555-6766,12/04/2021,Yes
CUST-0335,Michael Jones,Individual,michael.jones@email.com,555-8404,05/10/2021,Yes
CUST-0336,Grand Grill,Business,grand.grill@business.com,555-2257,08/08/2021,Yes
CUST-0337,Jessica Johnson,Individual,jessica.johnson@email.com,555-9307,11/16/2021,Yes
CUST-0338,Elizabeth Martinez,Individual,elizabeth.martinez@email.com,555-1672,03/24/2021,Yes
CUST-0339,Joseph Smith,Individual,joseph.smith@email.com,555-4084,03/15/2021,Yes
CUST-0340,Linda Davis,Individual,linda.davis@email.com,555-3471,04/20/2021,Yes
CUST-0341,Linda Davis,Individual,linda.davis@email.com,555-6626,11/10/2021,Yes
CUST-0342,Mary Johnson,Individual,mary.johnson@email.com,555-3827,04/18/2021,Yes
CUST-0343,Happy Catering,Business,happy.catering@business.com,555-9586,05/22/2021,Yes
CUST-0344,Robert Williams,Individual,robert.williams@email.com,555-7108,06/29/2021,Yes
CUST-0345,William Miller,Individual,william.miller@email.com,555-6543,06/06/2021,Yes
CUST-0346,John Smith,Individual,john.smith@email.com,555-6482,02/12/2021,Yes
CUST-0347,Green Hotel,Business,green.hotel@business.com,555-7333,03/22/2021,Yes
CUST-0348,Susan Lopez,Individual,susan.lopez@email.com,555-3463,01/30/2021,Yes
CUST-0349,Elizabeth Martinez,Individual,elizabeth.martinez@email.com,555-3317,01/27/2021,Yes
CUST-0350,Michael Jones,Individual,michael.jones@email.com,555-7421,01/31/2021,Yes
CUST-0351,Green Hotel,Business,green.hotel@business.com,555-7171,07/27/2021,Yes
CUST-0352,Jennifer Garcia,Individual,jennifer.garcia@email.com,555-9624,10/28/2021,Yes
CUST-0353,Happy Catering,Business,happy.catering@business.com,555-6928,04/16/2021,Yes
CUST-0354,Grand Grill,Business,grand.grill@business.com,555-4509,10/01/2021,Yes
CUST-0355,Joseph Smith,Individual,joseph.smith@email.com,555-4145,04/28/2021,Yes
CUST-0356,Robert Williams,Individual,robert.williams@email.com,555-2264,10/14/2021,Yes
CUST-0357,Joseph Smith,Individual,joseph.smith@email.com,555-9317,11/11/2021,Yes
CUST-0358,Jessica Johnson,Individual,jessica.johnson@email.com,555-1618,04/07/2021,Yes
CUST-0359,John Williams,Individual,john.williams@email.com,555-3147,02/19/2021,Yes
CUST-0360,Robert Williams,Individual,robert.williams@email.com,555-3962,10/10/2021,Yes
CUST-0361,Joseph Smith,Individual,joseph.smith@email.com,555-3712,02/16/2021,Yes
CUST-0362,John Smith,Individual,john.smith@email.com,555-6968,06/05/2021,Yes
CUST-0363,Patricia Brown,Individual,patricia.brown@email.com,555-5668,05/19/2021,Yes
CUST-0364,Joseph Smith,Individual,joseph.smith@email.com,555-4833,05/17/2021,Yes
CUST-0365,Michael Jones,Individual,michael.jones@email.com,555-4178,05/06/2021,Yes
CUST-0366,Elizabeth Martinez,Individual,elizabeth.martinez@email.com,555-8564,05/21/2021,Yes
CUST-0367,Joseph Smith,Individual,joseph.smith@email.com,555-9239,06/20/2021,Yes
CUST-0368,Robert Williams,Individual,robert.williams@email.com,555-3267,09/21/2021,Yes
CUST-0369,John Smith,Individual,john.smith@email.com,555-8873,02/07/2021,Yes
CUST-0370,David Rodriguez,Individual,david.rodriguez@email.com,555-9452,11/10/2021,Yes
CUST-0371,Michael Jones,Individual,michael.jones@email.com,555-3626,11/20/2021,Yes
CUST-0372,John Williams,Individual,john.williams@email.com,555-3414,04/14/2021,Yes
CUST-0373,Mary Johnson,Individual,mary.johnson@email.com,555-8391,09/10/2021,Yes
CUST-0374,John Williams,Individual,john.williams@email.com,555-7797,12/19/2021,Yes
CUST-0375,City Bistro,Business,city.bistro@business.com,555-4862,06/24/2021,Yes
CUST-0376,Mary Johnson,Individual,mary.johnson@email.com,555-4678,06/24/2021,Yes
CUST-0377,Green Hotel,Business,green.hotel@business.com,555-6493,01/01/2021,Yes
CUST-0378,Robert Williams,Individual,robert.williams@email.com,555-5700,12/13/2021,Yes
CUST-0379,Linda Davis,Individual,linda.davis@email.com,555-3273,01/10/2021,Yes
CUST-0380,Linda Davis,Individual,linda.davis@email.com,555-1086,05/17/2021,Yes
CUST-0381,John Smith,Individual,john.smith@email.com,555-4533,08/23/2021,Yes
CUST-0382,David Rodriguez,Individual,david.rodriguez@email.com,555-9647,02/24/2021,Yes
CUST-0383,Joseph Smith,Individual,joseph.smith@email.com,555-4893,08/07/2021,Yes
CUST-0384,John Smith,Individual,john.smith@email.com,555-7878,09/01/2021,Yes
CUST-0385,Elizabeth Martinez,Individual,elizabeth.martinez@email.com,555-2029,05/12/2021,Yes
CUST-0386,Happy Catering,Business,happy.catering@business.com,555-9782,03/02/2021,Yes
CUST-0387,City Bistro,Business,city.bistro@business.com,555-4963,03/13/2021,Yes
CUST-0388,Michael Jones,Individual,michael.jones@email.com,555-1025,05/27/2021,Yes
CUST-0389,Patricia Brown,Individual,patricia.brown@email.com,555-7825,03/15/2021,Yes
CUST-0390,Green Hotel,Business,green.hotel@business.com,555-6908,04/08/2021,Yes
CUST-0391,City Bistro,Business,city.bistro@business.com,555-9312,03/29/2021,Yes
CUST-0392,David Rodriguez,Individual,david.rodriguez@email.com,555-1333,03/24/2021,Yes
CUST-0393,Linda Davis,Individual,linda.davis@email.com,555-7338,12/10/2021,Yes
CUST-0394,Michael Jones,Individual,michael.jones@email.com,555-6850,12/24/2021,Yes
CUST-0395,Jennifer Garcia,Individual,jennifer.garcia@email.com,555-2698,08/31/2021,Yes
CUST-0396,Susan Lopez,Individual,susan.lopez@email.com,555-3185,07/15/2021,Yes
CUST-0397,City Bistro,Business,city.bistro@business.com,555-3868,07/12/2021,Yes
CUST-0398,James Hernandez,Individual,james.hernandez@email.com,555-8840,05/09/2021,Yes
CUST-0399,Joseph Smith,Individual,joseph.smith@email.com,555-2033,10/24/2021,Yes
CUST-0400,Linda Davis,Individual,linda.davis@email.com,555-5807,12/14/2021,Yes
CUST-0401,Joseph Smith,Individual,joseph.smith@email.com,555-1686,09/21/2021,Yes
CUST-0402,Michael Jones,Individual,michael.jones@email.com,555-7524,04/13/2021,Yes
CUST-0403,David Rodriguez,Individual,david.rodriguez@email.com,555-5150,05/04/2021,Yes
CUST-0404,Sunrise Cafe,Business,sunrise.cafe@business.com,555-6848,08/08/2021,Yes
CUST-0405,John Smith,Individual,john.smith@email.com,555-6438,01/31/2021,Yes
CUST-0406,Joseph Smith,Individual,joseph.smith@email.com,555-8159,06/27/2021,Yes
CUST-0407,Susan Lopez,Individual,susan.lopez@email.com,555-7334,05/21/2021,Yes
CUST-0408,Robert Williams,Individual,robert.williams@email.com,555-9151,04/22/2021,Yes
CUST-0409,Joseph Smith,Individual,joseph.smith@email.com,555-5369,04/11/2021,Yes
CUST-0410,Susan Lopez,Individual,susan.lopez@email.com,555-2293,05/29/2021,Yes
CUST-0411,Jessica Johnson,Individual,jessica.johnson@email.com,555-9937,10/01/2021,Yes
CUST-0412,Mary Johnson,Individual,mary.johnson@email.com,555-6372,11/22/2021,Yes
CUST-0413,Michael Jones,Individual,michael.jones@email.com,555-7981,05/18/2021,Yes
CUST-0414,Happy Catering,Business,happy.catering@business.com,555-8325,07/06/2021,Yes
CUST-0415,Grand Grill,Business,grand.grill@business.com,555-8126,02/21/2021,Yes
CUST-0416,Joseph Smith,Individual,joseph.smith@email.com,555-2229,12/03/2021,Yes
CUST-0417,William Miller,Individual,william.miller@email.com,555-9406,06/29/2021,Yes
CUST-0418,James Hernandez,Individual,james.hernandez@email.com,555-1510,10/12/2021,Yes
CUST-0419,City Bistro,Business,city.bistro@business.com,555-8179,01/19/2021,Yes
CUST-0420,Green Hotel,Business,green.hotel@business.com,555-7001,09/03/2021,Yes
CUST-0421,Elizabeth Martinez,Individual,elizabeth.martinez@email.com,555-3513,12/16/2021,Yes
CUST-0422,Jennifer Garcia,Individual,jennifer.garcia@email.com,555-8273,06/25/2021,Yes
CUST-0423,Elizabeth Martinez,Individual,elizabeth.martinez@email.com,555-9674,10/23/2021,Yes
CUST-0424,Jennifer Garcia,Individual,jennifer.garcia@email.com,555-5566,02/03/2021,Yes
CUST-0425,Mary Johnson,Individual,mary.johnson@email.com,555-4048,12/19/2021,Yes
CUST-0426,William Miller,Individual,william.miller@email.com,555-2929,03/20/2021,Yes
CUST-0427,Michael Jones,Individual,michael.jones@email.com,555-8311,01/06/2021,Yes
CUST-0428,Elizabeth Martinez,Individual,elizabeth.martinez@email.com,555-9047,08/08/2021,Yes
CUST-0429,Robert Williams,Individual,robert.williams@email.com,555-8406,11/25/2021,Yes
CUST-0430,Happy Catering,Business,happy.catering@business.com,555-6236,11/18/2021,Yes
CUST-0431,Susan Lopez,Individual,susan.lopez@email.com,555-9882,11/29/2021,Yes
CUST-0432,Michael Jones,Individual,michael.jones@email.com,555-3852,10/13/2021,Yes
CUST-0433,David Rodriguez,Individual,david.rodriguez@email.com,555-2988,09/09/2021,Yes
CUST-0434,Joseph Smith,Individual,joseph.smith@email.com,555-4878,10/22/2021,Yes
CUST-0435,John Smith,Individual,john.smith@email.com,555-7044,07/01/2021,Yes
CUST-0436,David Rodriguez,Individual,david.rodriguez@email.com,555-2412,10/27/2021,Yes
CUST-0437,Happy Catering,Business,happy.catering@business.com,555-9612,05/01/2021,Yes
CUST-0438,William Miller,Individual,william.miller@email.com,555-2208,03/13/2021,Yes
CUST-0439,Grand Grill,Business,grand.grill@business.com,555-2215,02/07/2021,Yes
CUST-0440,James Hernandez,Individual,james.hernandez@email.com,555-6644,04/12/2021,Yes
CUST-0441,City Bistro,Business,city.bistro@business.com,555-3981,02/08/2021,Yes
CUST-0442,Robert Williams,Individual,robert.williams@email.com,555-9238,05/25/2021,Yes
CUST-0443,John Smith,Individual,john.smith@email.com,555-9488,10/30/2021,Yes
CUST-0444,Sunrise Cafe,Business,sunrise.cafe@business.com,555-6286,10/11/2021,Yes
CUST-0445,Patricia Brown,Individual,patricia.brown@email.com,555-9501,07/08/2021,Yes
CUST-0446,Jessica Johnson,Individual,jessica.johnson@email.com,555-5105,11/22/2021,Yes
CUST-0447,City Bistro,Business,city.bistro@business.com,555-3050,08/14/2021,Yes
CUST-0448,Elizabeth Martinez,Individual,elizabeth.martinez@email.com,555-2530,04/03/2021,Yes
CUST-0449,Robert Williams,Individual,robert.williams@email.com,555-3526,03/04/2021,Yes
CUST-0450,City Bistro,Business,city.bistro@business.com,555-6531,02/26/2021,Yes
CUST-0451,Elizabeth Martinez,Individual,elizabeth.martinez@email.com,555-1464,12/11/2021,Yes
CUST-0452,City Bistro,Business,city.bistro@business.com,555-4453,08/19/2021,Yes
CUST-0453,William Miller,Individual,william.miller@email.com,555-1496,02/19/2021,Yes
CUST-0454,James Hernandez,Individual,james.hernandez@email.com,555-5745,03/28/2021,Yes
CUST-0455,Michael Jones,Individual,michael.jones@email.com,555-5012,04/29/2021,Yes
CUST-0456,James Hernandez,Individual,james.hernandez@email.com,555-5873,06/08/2021,Yes
CUST-0457,Susan Lopez,Individual,susan.lopez@email.com,555-3589,12/02/2021,Yes
CUST-0458,Linda Davis,Individual,linda.davis@email.com,555-4342,05/09/2021,Yes
CUST-0459,Robert Williams,Individual,robert.williams@email.com,555-6231,07/25/2021,Yes
CUST-0460,Jessica Johnson,Individual,jessica.johnson@email.com,555-7532,07/09/2021,Yes
CUST-0461,Grand Grill,Business,grand.grill@business.com,555-2739,04/13/2021,Yes
CUST-0462,Linda Davis,Individual,linda.davis@email.com,555-5382,10/31/2021,Yes
CUST-0463,Robert Williams,Individual,robert.williams@email.com,555-1829,11/13/2021,Yes
CUST-0464,William Miller,Individual,william.miller@email.com,555-7850,02/20/2021,Yes
CUST-0465,Jessica Johnson,Individual,jessica.johnson@email.com,555-6364,10/12/2021,Yes
CUST-0466,Susan Lopez,Individual,susan.lopez@email.com,555-4110,07/25/2021,Yes
CUST-0467,Linda Davis,Individual,linda.davis@email.com,555-8648,04/13/2021,Yes
CUST-0468,Michael Jones,Individual,michael.jones@email.com,555-1379,04/22/2021,Yes
CUST-0469,Happy Catering,Business,happy.catering@business.com,555-8491,04/18/2021,Yes
CUST-0470,Patricia Brown,Individual,patricia.brown@email.com,555-6781,03/09/2021,Yes
CUST-0471,Grand Grill,Business,grand.grill@business.com,555-8710,04/23/2021,Yes
CUST-0472,John Smith,Individual,john.smith@email.com,555-8060,11/07/2021,Yes
CUST-0473,Grand Grill,Business,grand.grill@business.com,555-7606,06/28/2021,Yes
CUST-0474,William Miller,Individual,william.miller@email.com,555-4189,12/06/2021,Yes
CUST-0475,Michael Jones,Individual,michael.jones@email.com,555-7329,11/25/2021,Yes
CUST-0476,Joseph Smith,Individual,joseph.smith@email.com,555-5582,03/26/2021,Yes
CUST-0477,Elizabeth Martinez,Individual,elizabeth.martinez@email.com,555-2946,01/18/2021,Yes
CUST-0478,Green Hotel,Business,green.hotel@business.com,555-7114,06/14/2021,Yes
CUST-0479,Jennifer Garcia,Individual,jennifer.garcia@email.com,555-6990,03/22/2021,Yes
CUST-0480,Patricia Brown,Individual,patricia.brown@email.com,555-9341,02/27/2021,Yes
CUST-0481,John Smith,Individual,john.smith@email.com,555-1637,12/09/2021,Yes
CUST-0482,Grand Grill,Business,grand.grill@business.com,555-9508,05/04/2021,Yes
CUST-0483,Elizabeth Martinez,Individual,elizabeth.martinez@email.com,555-3290,04/13/2021,Yes
CUST-0484,Elizabeth Martinez,Individual,elizabeth.martinez@email.com,555-3662,07/22/2021,Yes
CUST-0485,Elizabeth Martinez,Individual,elizabeth.martinez@email.com,555-6511,08/01/2021,Yes
CUST-0486,David Rodriguez,Individual,david.rodriguez@email.com,555-9025,04/04/2021,Yes
CUST-0487,Michael Jones,Individual,michael.jones@email.com,555-1272,05/03/2021,Yes
CUST-0488,James Hernandez,Individual,james.hernandez@email.com,555-7824,11/06/2021,Yes
CUST-0489,Joseph Smith,Individual,joseph.smith@email.com,555-1436,01/14/2021,Yes
CUST-0490,Michael Jones,Individual,michael.jones@email.com,555-4728,01/31/2021,Yes
CUST-0491,Elizabeth Martinez,Individual,elizabeth.martinez@email.com,555-3793,05/01/2021,Yes
CUST-0492,Susan Lopez,Individual,susan.lopez@email.com,555-7229,02/18/2021,Yes
CUST-0493,Sunrise Cafe,Business,sunrise.cafe@business.com,555-2800,12/16/2021,Yes
CUST-0494,Happy Catering,Business,happy.catering@business.com,555-7861,07/25/2021,Yes
CUST-0495,Sunrise Cafe,Business,sunrise.cafe@business.com,555-9221,06/05/2021,Yes
CUST-0496,John Williams,Individual,john.williams@email.com,555-2020,05/05/2021,Yes
CUST-0497,David Rodriguez,Individual,david.rodriguez@email.com,555-6325,09/17/2021,Yes
CUST-0498,Linda Davis,Individual,linda.davis@email.com,555-7173,04/07/2021,Yes
CUST-0499,Robert Williams,Individual,robert.williams@email.com,555-9734,05/11/2021,Yes
CUST-0500,Jennifer Garcia,Individual,jennifer.garcia@email.com,555-5331,01/20/2021,Yes
CUST-0501,Patricia Brown,Individual,patricia.brown@email.com,555-5571,08/28/2021,Yes
CUST-0502,Patricia Brown,Individual,patricia.brown@email.com,555-5735,08/02/2021,Yes
CUST-0503,Susan Lopez,Individual,susan.lopez@email.com,555-9011,01/06/2021,Yes
CUST-0504,Jennifer Garcia,Individual,jennifer.garcia@email.com,555-5480,03/21/2021,Yes
CUST-0505,Elizabeth Martinez,Individual,elizabeth.martinez@email.com,555-9899,01/20/2021,Yes
CUST-0506,William Miller,Individual,william.miller@email.com,555-3399,07/09/2021,Yes
CUST-0507,Michael Jones,Individual,michael.jones@email.com,555-2294,01/01/2021,Yes
CUST-0508,Linda Davis,Individual,linda.davis@email.com,555-5201,01/31/2021,Yes
CUST-0509,Patricia Brown,Individual,patricia.brown@email.com,555-9824,09/20/2021,Yes
CUST-0510,David Rodriguez,Individual,david.rodriguez@email.com,555-5450,01/10/2021,Yes
CUST-0511,City Bistro,Business,city.bistro@business.com,555-4920,03/07/2021,Yes
CUST-0512,James Hernandez,Individual,james.hernandez@email.com,555-4697,04/05/2021,Yes
CUST-0513,John Smith,Individual,john.smith@email.com,555-7771,11/11/2021,Yes
CUST-0514,Linda Davis,Individual,linda.davis@email.com,555-3252,11/11/2021,Yes
CUST-0515,City Bistro,Business,city.bistro@business.com,555-7666,10/13/2021,Yes
CUST-0516,John Williams,Individual,john.williams@email.com,555-8822,05/03/2021,Yes
CUST-0517,Joseph Smith,Individual,joseph.smith@email.com,555-6262,08/07/2021,Yes
CUST-0518,John Smith,Individual,john.smith@email.com,555-4804,11/17/2021,Yes
CUST-0519,Susan Lopez,Individual,susan.lopez@email.com,555-3868,12/13/2021,Yes
CUST-0520,Jessica Johnson,Individual,jessica.johnson@email.com,555-1595,10/03/2021,Yes
CUST-0521,William Miller,Individual,william.miller@email.com,555-4052,04/23/2021,Yes
CUST-0522,Jessica Johnson,Individual,jessica.johnson@email.com,555-1613,08/06/2021,Yes
CUST-0523,City Bistro,Business,city.bistro@business.com,555-2758,02/27/2021,Yes
CUST-0524,Jennifer Garcia,Individual,jennifer.garcia@email.com,555-8444,08/09/2021,Yes
CUST-0525,David Rodriguez,Individual,david.rodriguez@email.com,555-9092,04/08/2021,Yes
CUST-0526,Robert Williams,Individual,robert.williams@email.com,555-8668,04/18/2021,Yes
CUST-0527,Joseph Smith,Individual,joseph.smith@email.com,555-6417,11/05/2021,Yes
CUST-0528,Happy Catering,Business,happy.catering@business.com,555-5215,02/04/2021,Yes
CUST-0529,John Smith,Individual,john.smith@email.com,555-5833,07/13/2021,Yes
CUST-0530,Joseph Smith,Individual,joseph.smith@email.com,555-3875,09/25/2021,Yes
CUST-0531,James Hernandez,Individual,james.hernandez@email.com,555-8007,06/08/2021,Yes
CUST-0532,Mary Johnson,Individual,mary.johnson@email.com,555-2562,06/10/2021,Yes
CUST-0533,Sunrise Cafe,Business,sunrise.cafe@business.com,555-6301,05/02/2021,Yes
CUST-0534,John Smith,Individual,john.smith@email.com,555-7284,08/21/2021,Yes
CUST-0535,Joseph Smith,Individual,joseph.smith@email.com,555-6400,08/18/2021,Yes
CUST-0536,Susan Lopez,Individual,susan.lopez@email.com,555-1187,03/14/2021,Yes
CUST-0537,Jennifer Garcia,Individual,jennifer.garcia@email.com,555-4871,01/12/2021,Yes
CUST-0538,Green Hotel,Business,green.hotel@business.com,555-6026,05/08/2021,Yes
CUST-0539,City Bistro,Business,city.bistro@business.com,555-6095,01/06/2021,Yes
CUST-0540,James Hernandez,Individual,james.hernandez@email.com,555-7021,08/03/2021,Yes
CUST-0541,Patricia Brown,Individual,patricia.brown@email.com,555-8834,10/25/2021,Yes
CUST-0542,City Bistro,Business,city.bistro@business.com,555-7813,06/24/2021,Yes
CUST-0543,John Williams,Individual,john.williams@email.com,555-9806,05/05/2021,Yes
CUST-0544,Jessica Johnson,Individual,jessica.johnson@email.com,555-5054,09/12/2021,Yes
CUST-0545,Elizabeth Martinez,Individual,elizabeth.martinez@email.com,555-9609,11/21/2021,Yes
CUST-0546,Susan Lopez,Individual,susan.lopez@email.com,555-2279,06/30/2021,Yes
CUST-0547,Mary Johnson,Individual,mary.johnson@email.com,555-9972,12/01/2021,Yes
CUST-0548,Patricia Brown,Individual,patricia.brown@email.com,555-9792,03/14/2021,Yes
CUST-0549,Grand Grill,Business,grand.grill@business.com,555-8239,04/10/2021,Yes
CUST-0550,Sunrise Cafe,Business,sunrise.cafe@business.com,555-9008,03/09/2021,Yes
CUST-0551,City Bistro,Business,city.bistro@business.com,555-1911,05/18/2021,Yes
CUST-0552,David Rodriguez,Individual,david.rodriguez@email.com,555-8484,06/03/2021,Yes
CUST-0553,David Rodriguez,Individual,david.rodriguez@email.com,555-6049,05/10/2021,Yes
CUST-0554,William Miller,Individual,william.miller@email.com,555-1049,08/24/2021,Yes
CUST-0555,Elizabeth Martinez,Individual,elizabeth.martinez@email.com,555-1742,11/25/2021,Yes
CUST-0556,Susan Lopez,Individual,susan.lopez@email.com,555-9866,11/30/2021,Yes
CUST-0557,John Williams,Individual,john.williams@email.com,555-8734,11/27/2021,Yes
CUST-0558,Happy Catering,Business,happy.catering@business.com,555-3218,10/01/2021,Yes
CUST-0559,Susan Lopez,Individual,susan.lopez@email.com,555-7887,02/05/2021,Yes
CUST-0560,John Williams,Individual,john.williams@email.com,555-8348,06/20/2021,Yes
CUST-0561,John Williams,Individual,john.williams@email.com,555-7154,06/22/2021,Yes
CUST-0562,City Bistro,Business,city.bistro@business.com,555-6697,10/25/2021,Yes
CUST-0563,City Bistro,Business,city.bistro@business.com,555-9664,06/14/2021,Yes
CUST-0564,Sunrise Cafe,Business,sunrise.cafe@business.com,555-1372,12/31/2021,Yes
CUST-0565,Linda Davis,Individual,linda.davis@email.com,555-9920,01/22/2021,Yes
CUST-0566,William Miller,Individual,william.miller@email.com,555-5055,09/06/2021,Yes
CUST-0567,Robert Williams,Individual,robert.williams@email.com,555-4088,08/13/2021,Yes
CUST-0568,Susan Lopez,Individual,susan.lopez@email.com,555-1527,11/05/2021,Yes
CUST-0569,William Miller,Individual,william.miller@email.com,555-1256,02/21/2021,Yes
CUST-0570,Mary Johnson,Individual,mary.johnson@email.com,555-1550,11/11/2021,Yes
CUST-0571,James Hernandez,Individual,james.hernandez@email.com,555-1797,01/06/2021,Yes
CUST-0572,John Smith,Individual,john.smith@email.com,555-8191,06/10/2021,Yes
CUST-0573,Patricia Brown,Individual,patricia.brown@email.com,555-3295,12/04/2021,Yes
CUST-0574,Michael Jones,Individual,michael.jones@email.com,555-6224,09/04/2021,Yes
CUST-0575,Joseph Smith,Individual,joseph.smith@email.com,555-6253,01/22/2021,Yes
CUST-0576,John Williams,Individual,john.williams@email.com,555-9540,10/20/2021,Yes
CUST-0577,Michael Jones,Individual,michael.jones@email.com,555-1998,08/14/2021,Yes
CUST-0578,Elizabeth Martinez,Individual,elizabeth.martinez@email.com,555-7999,10/04/2021,Yes
CUST-0579,John Smith,Individual,john.smith@email.com,555-7244,07/09/2021,Yes
CUST-0580,Jennifer Garcia,Individual,jennifer.garcia@email.com,555-7821,01/10/2021,Yes
CUST-0581,Michael Jones,Individual,michael.jones@email.com,555-4012,06/23/2021,Yes
CUST-0582,Linda Davis,Individual,linda.davis@email.com,555-4692,08/31/2021,Yes
CUST-0583,Susan Lopez,Individual,susan.lopez@email.com,555-8586,10/20/2021,Yes
CUST-0584,David Rodriguez,Individual,david.rodriguez@email.com,555-7824,06/04/2021,Yes
CUST-0585,Robert Williams,Individual,robert.williams@email.com,555-4978,06/17/2021,Yes
CUST-0586,Jennifer Garcia,Individual,jennifer.garcia@email.com,555-2295,02/04/2021,Yes
CUST-0587,Jessica Johnson,Individual,jessica.johnson@email.com,555-2514,06/26/2021,Yes
CUST-0588,Jessica Johnson,Individual,jessica.johnson@email.com,555-1844,09/26/2021,Yes
CUST-0589,James Hernandez,Individual,james.hernandez@email.com,555-1647,02/26/2021,Yes
CUST-0590,Patricia Brown,Individual,patricia.brown@email.com,555-4555,03/07/2021,Yes
CUST-0591,Jessica Johnson,Individual,jessica.johnson@email.com,555-5967,07/15/2021,Yes
CUST-0592,John Smith,Individual,john.smith@email.com,555-4113,09/15/2021,Yes
CUST-0593,Mary Johnson,Individual,mary.johnson@email.com,555-4974,05/01/2021,Yes
CUST-0594,Susan Lopez,Individual,susan.lopez@email.com,555-7498,09/19/2021,Yes
CUST-0595,David Rodriguez,Individual,david.rodriguez@email.com,555-5637,07/21/2021,Yes
CUST-0596,David Rodriguez,Individual,david.rodriguez@email.com,555-6886,02/03/2021,Yes
CUST-0597,Jennifer Garcia,Individual,jennifer.garcia@email.com,555-9147,04/14/2021,Yes
CUST-0598,Joseph Smith,Individual,joseph.smith@email.com,555-6246,05/06/2021,Yes
CUST-0599,Jennifer Garcia,Individual,jennifer.garcia@email.com,555-7781,07/25/2021,Yes
CUST-0600,Sunrise Cafe,Business,sunrise.cafe@business.com,555-1265,10/19/2021,Yes
CUST-0601,John Williams,Individual,john.williams@email.com,555-7841,03/08/2021,Yes
CUST-0602,Patricia Brown,Individual,patricia.brown@email.com,555-4768,07/17/2021,Yes
CUST-0603,Jessica Johnson,Individual,jessica.johnson@email.com,555-9180,08/29/2021,Yes
CUST-0604,James Hernandez,Individual,james.hernandez@email.com,555-5216,07/13/2021,Yes
CUST-0605,Linda Davis,Individual,linda.davis@email.com,555-9037,02/07/2021,Yes
CUST-0606,Susan Lopez,Individual,susan.lopez@email.com,555-3773,07/05/2021,Yes
CUST-0607,City Bistro,Business,city.bistro@business.com,555-4015,04/26/2021,Yes
CUST-0608,David Rodriguez,Individual,david.rodriguez@email.com,555-1962,02/07/2021,Yes
CUST-0609,Jessica Johnson,Individual,jessica.johnson@email.com,555-1794,11/24/2021,Yes
CUST-0610,William Miller,Individual,william.miller@email.com,555-4791,10/23/2021,Yes
CUST-0611,Sunrise Cafe,Business,sunrise.cafe@business.com,555-4583,12/28/2021,Yes
CUST-0612,Jennifer Garcia,Individual,jennifer.garcia@email.com,555-8916,12/02/2021,Yes
CUST-0613,John Smith,Individual,john.smith@email.com,555-9719,12/29/2021,Yes
CUST-0614,John Smith,Individual,john.smith@email.com,555-9673,12/24/2021,Yes
CUST-0615,David Rodriguez,Individual,david.rodriguez@email.com,555-1280,08/08/2021,Yes
CUST-0616,Susan Lopez,Individual,susan.lopez@email.com,555-8054,01/21/2021,Yes
CUST-0617,John Williams,Individual,john.williams@email.com,555-2753,10/02/2021,Yes
CUST-0618,David Rodriguez,Individual,david.rodriguez@email.com,555-4948,10/17/2021,Yes
CUST-0619,City Bistro,Business,city.bistro@business.com,555-6807,08/25/2021,Yes
CUST-0620,William Miller,Individual,william.miller@email.com,555-7112,11/22/2021,Yes
CUST-0621,Linda Davis,Individual,linda.davis@email.com,555-4984,03/18/2021,Yes
CUST-0622,Patricia Brown,Individual,patricia.brown@email.com,555-2320,08/01/2021,Yes
CUST-0623,Jessica Johnson,Individual,jessica.johnson@email.com,555-1519,02/03/2021,Yes
CUST-0624,Happy Catering,Business,happy.catering@business.com,555-8798,06/22/2021,Yes
CUST-0625,Green Hotel,Business,green.hotel@business.com,555-3807,01/07/2021,Yes
CUST-0626,Happy Catering,Business,happy.catering@business.com,555-6427,02/05/2021,Yes
CUST-0627,Jessica Johnson,Individual,jessica.johnson@email.com,555-9653,11/14/2021,Yes
CUST-0628,Patricia Brown,Individual,patricia.brown@email.com,555-8790,09/15/2021,Yes
CUST-0629,John Williams,Individual,john.williams@email.com,555-5593,11/24/2021,Yes
CUST-0630,Elizabeth Martinez,Individual,elizabeth.martinez@email.com,555-1539,01/30/2021,Yes
CUST-0631,Grand Grill,Business,grand.grill@business.com,555-4394,12/24/2021,Yes
CUST-0632,Joseph Smith,Individual,joseph.smith@email.com,555-7525,01/02/2021,Yes
CUST-0633,Michael Jones,Individual,michael.jones@email.com,555-4939,10/10/2021,Yes
CUST-0634,Jessica Johnson,Individual,jessica.johnson@email.com,555-9856,06/16/2021,Yes
CUST-0635,Joseph Smith,Individual,joseph.smith@email.com,555-2284,10/22/2021,Yes
CUST-0636,Jennifer Garcia,Individual,jennifer.garcia@email.com,555-2600,12/05/2021,Yes
CUST-0637,Jessica Johnson,Individual,jessica.johnson@email.com,555-6580,11/24/2021,Yes
CUST-0638,Elizabeth Martinez,Individual,elizabeth.martinez@email.com,555-7499,03/03/2021,Yes
CUST-0639,Jennifer Garcia,Individual,jennifer.garcia@email.com,555-5478,12/17/2021,Yes
CUST-0640,Linda Davis,Individual,linda.davis@email.com,555-4737,04/25/2021,Yes
CUST-0641,William Miller,Individual,william.miller@email.com,555-4043,05/25/2021,Yes
CUST-0642,James Hernandez,Individual,james.hernandez@email.com,555-2404,06/21/2021,Yes
CUST-0643,Michael Jones,Individual,michael.jones@email.com,555-2204,08/28/2021,Yes
CUST-0644,Sunrise Cafe,Business,sunrise.cafe@business.com,555-3527,06/21/2021,Yes
CUST-0645,Jennifer Garcia,Individual,jennifer.garcia@email.com,555-2745,07/01/2021,Yes
CUST-0646,Grand Grill,Business,grand.grill@business.com,555-6896,05/19/2021,Yes
CUST-0647,Mary Johnson,Individual,mary.johnson@email.com,555-2430,10/26/2021,Yes
CUST-0648,Happy Catering,Business,happy.catering@business.com,555-9395,03/22/2021,Yes
CUST-0649,John Smith,Individual,john.smith@email.com,555-6798,11/17/2021,Yes
CUST-0650,Elizabeth Martinez,Individual,elizabeth.martinez@email.com,555-6315,03/01/2021,Yes
CUST-0651,John Smith,Individual,john.smith@email.com,555-7779,08/05/2021,Yes
CUST-0652,Mary Johnson,Individual,mary.johnson@email.com,555-4977,03/21/2021,Yes
CUST-0653,Robert Williams,Individual,robert.williams@email.com,555-7237,01/16/2021,Yes
CUST-0654,Grand Grill,Business,grand.grill@business.com,555-5397,07/31/2021,Yes
CUST-0655,Mary Johnson,Individual,mary.johnson@email.com,555-8121,10/08/2021,Yes
CUST-0656,Michael Jones,Individual,michael.jones@email.com,555-2260,04/29/2021,Yes
CUST-0657,Patricia Brown,Individual,patricia.brown@email.com,555-9123,02/15/2021,Yes
CUST-0658,Patricia Brown,Individual,patricia.brown@email.com,555-2752,05/12/2021,Yes
CUST-0659,Green Hotel,Business,green.hotel@business.com,555-6443,06/13/2021,Yes
CUST-0660,William Miller,Individual,william.miller@email.com,555-8212,07/17/2021,Yes
CUST-0661,Jessica Johnson,Individual,jessica.johnson@email.com,555-3230,02/02/2021,Yes
CUST-0662,Elizabeth Martinez,Individual,elizabeth.martinez@email.com,555-4290,01/11/2021,Yes
CUST-0663,Robert Williams,Individual,robert.williams@email.com,555-6228,06/12/2021,Yes
CUST-0664,Susan Lopez,Individual,susan.lopez@email.com,555-9044,02/11/2021,Yes
CUST-0665,Joseph Smith,Individual,joseph.smith@email.com,555-6339,08/30/2021,Yes
CUST-0666,Jessica Johnson,Individual,jessica.johnson@email.com,555-6980,06/14/2021,Yes
CUST-0667,City Bistro,Business,city.bistro@business.com,555-9939,09/21/2021,Yes
CUST-0668,City Bistro,Business,city.bistro@business.com,555-8563,12/19/2021,Yes
CUST-0669,Patricia Brown,Individual,patricia.brown@email.com,555-5773,05/22/2021,Yes
CUST-0670,Mary Johnson,Individual,mary.johnson@email.com,555-9180,06/06/2021,Yes
CUST-0671,Grand Grill,Business,grand.grill@business.com,555-5139,08/31/2021,Yes
CUST-0672,Susan Lopez,Individual,susan.lopez@email.com,555-7176,05/30/2021,Yes
CUST-0673,City Bistro,Business,city.bistro@business.com,555-7566,05/01/2021,Yes
CUST-0674,John Williams,Individual,john.williams@email.com,555-7853,01/12/2021,Yes
CUST-0675,Joseph Smith,Individual,joseph.smith@email.com,555-9796,07/01/2021,Yes
CUST-0676,John Williams,Individual,john.williams@email.com,555-2791,11/19/2021,Yes
CUST-0677,James Hernandez,Individual,james.hernandez@email.com,555-6816,01/26/2021,Yes
CUST-0678,City Bistro,Business,city.bistro@business.com,555-7547,12/10/2021,Yes
CUST-0679,Jennifer Garcia,Individual,jennifer.garcia@email.com,555-2735,05/26/2021,Yes
CUST-0680,Grand Grill,Business,grand.grill@business.com,555-9366,09/10/2021,Yes
CUST-0681,David Rodriguez,Individual,david.rodriguez@email.com,555-4621,03/10/2021,Yes
CUST-0682,William Miller,Individual,william.miller@email.com,555-9199,05/09/2021,Yes
CUST-0683,Green Hotel,Business,green.hotel@business.com,555-2712,04/29/2021,Yes
CUST-0684,John Williams,Individual,john.williams@email.com,555-2901,11/19/2021,Yes
CUST-0685,Susan Lopez,Individual,susan.lopez@email.com,555-6707,10/21/2021,Yes
CUST-0686,Linda Davis,Individual,linda.davis@email.com,555-9537,09/18/2021,Yes
CUST-0687,Linda Davis,Individual,linda.davis@email.com,555-8178,11/13/2021,Yes
CUST-0688,Linda Davis,Individual,linda.davis@email.com,555-2100,07/22/2021,Yes
CUST-0689,Joseph Smith,Individual,joseph.smith@email.com,555-2885,01/03/2021,Yes
CUST-0690,Grand Grill,Business,grand.grill@business.com,555-2791,02/04/2021,Yes
CUST-0691,Robert Williams,Individual,robert.williams@email.com,555-9454,08/30/2021,Yes
CUST-0692,Sunrise Cafe,Business,sunrise.cafe@business.com,555-7985,07/16/2021,Yes
CUST-0693,Patricia Brown,Individual,patricia.brown@email.com,555-4022,06/08/2021,Yes
CUST-0694,Happy Catering,Business,happy.catering@business.com,555-1478,06/13/2021,Yes
CUST-0695,John Williams,Individual,john.williams@email.com,555-8365,09/22/2021,Yes
CUST-0696,William Miller,Individual,william.miller@email.com,555-4519,12/30/2021,Yes
CUST-0697,Joseph Smith,Individual,joseph.smith@email.com,555-2025,01/06/2021,Yes
CUST-0698,Joseph Smith,Individual,joseph.smith@email.com,555-4063,04/02/2021,Yes
CUST-0699,Patricia Brown,Individual,patricia.brown@email.com,555-2867,05/12/2021,Yes
CUST-0700,Jessica Johnson,Individual,jessica.johnson@email.com,555-9646,04/26/2021,Yes
CUST-0701,Jennifer Garcia,Individual,jennifer.garcia@email.com,555-7367,03/02/2021,Yes
CUST-0702,Elizabeth Martinez,Individual,elizabeth.martinez@email.com,555-6700,11/04/2021,Yes
CUST-0703,Linda Davis,Individual,linda.davis@email.com,555-3826,02/19/2021,Yes
CUST-0704,Susan Lopez,Individual,susan.lopez@email.com,555-2388,08/02/2021,Yes
CUST-0705,Jennifer Garcia,Individual,jennifer.garcia@email.com,555-4908,11/02/2021,Yes
CUST-0706,Robert Williams,Individual,robert.williams@email.com,555-3316,06/24/2021,Yes
CUST-0707,William Miller,Individual,william.miller@email.com,555-3258,03/02/2021,Yes
CUST-0708,William Miller,Individual,william.miller@email.com,555-8973,09/28/2021,Yes
CUST-0709,Susan Lopez,Individual,susan.lopez@email.com,555-3838,02/05/2021,Yes
CUST-0710,Linda Davis,Individual,linda.davis@email.com,555-3298,08/07/2021,Yes
CUST-0711,Happy Catering,Business,happy.catering@business.com,555-1878,02/18/2021,Yes
CUST-0712,John Smith,Individual,john.smith@email.com,555-3236,04/28/2021,Yes
CUST-0713,Happy Catering,Business,happy.catering@business.com,555-9281,03/20/2021,Yes
CUST-0714,William Miller,Individual,william.miller@email.com,555-9056,01/16/2021,Yes
CUST-0715,Jessica Johnson,Individual,jessica.johnson@email.com,555-9006,05/19/2021,Yes
CUST-0716,City Bistro,Business,city.bistro@business.com,555-4613,12/17/2021,Yes
CUST-0717,Michael Jones,Individual,michael.jones@email.com,555-9808,09/08/2021,Yes
CUST-0718,Joseph Smith,Individual,joseph.smith@email.com,555-9115,05/12/2021,Yes
CUST-0719,Mary Johnson,Individual,mary.johnson@email.com,555-2871,03/14/2021,Yes
CUST-0720,David Rodriguez,Individual,david.rodriguez@email.com,555-9880,06/28/2021,Yes
CUST-0721,John Smith,Individual,john.smith@email.com,555-9951,05/21/2021,Yes
CUST-0722,William Miller,Individual,william.miller@email.com,555-5055,11/10/2021,Yes
CUST-0723,John Smith,Individual,john.smith@email.com,555-5305,05/16/2021,Yes
CUST-0724,Jessica Johnson,Individual,jessica.johnson@email.com,555-8193,11/18/2021,Yes
CUST-0725,Mary Johnson,Individual,mary.johnson@email.com,555-4438,09/02/2021,Yes
CUST-0726,Elizabeth Martinez,Individual,elizabeth.martinez@email.com,555-6744,01/14/2021,Yes
CUST-0727,Elizabeth Martinez,Individual,elizabeth.martinez@email.com,555-8015,02/12/2021,Yes
CUST-0728,Sunrise Cafe,Business,sunrise.cafe@business.com,555-4390,09/18/2021,Yes
CUST-0729,Elizabeth Martinez,Individual,elizabeth.martinez@email.com,555-9720,07/06/2021,Yes
CUST-0730,David Rodriguez,Individual,david.rodriguez@email.com,555-6302,10/07/2021,Yes
CUST-0731,Michael Jones,Individual,michael.jones@email.com,555-5380,08/06/2021,Yes
CUST-0732,David Rodriguez,Individual,david.rodriguez@email.com,555-2560,01/19/2021,Yes
CUST-0733,Happy Catering,Business,happy.catering@business.com,555-5543,12/02/2021,Yes
CUST-0734,Robert Williams,Individual,robert.williams@email.com,555-3174,01/07/2021,Yes
CUST-0735,Susan Lopez,Individual,susan.lopez@email.com,555-5055,07/21/2021,Yes
CUST-0736,James Hernandez,Individual,james.hernandez@email.com,555-9019,06/14/2021,Yes
CUST-0737,Grand Grill,Business,grand.grill@business.com,555-7786,02/14/2021,Yes
CUST-0738,Mary Johnson,Individual,mary.johnson@email.com,555-2525,02/11/2021,Yes
CUST-0739,Susan Lopez,Individual,susan.lopez@email.com,555-7046,08/12/2021,Yes
CUST-0740,Linda Davis,Individual,linda.davis@email.com,555-1040,07/18/2021,Yes
CUST-0741,Jessica Johnson,Individual,jessica.johnson@email.com,555-8511,11/15/2021,Yes
CUST-0742,Susan Lopez,Individual,susan.lopez@email.com,555-2037,07/02/2021,Yes
CUST-0743,William Miller,Individual,william.miller@email.com,555-8039,09/12/2021,Yes
CUST-0744,Linda Davis,Individual,linda.davis@email.com,555-6289,08/17/2021,Yes
CUST-0745,Jennifer Garcia,Individual,jennifer.garcia@email.com,555-3139,03/27/2021,Yes
CUST-0746,Linda Davis,Individual,linda.davis@email.com,555-1793,07/10/2021,Yes
CUST-0747,Happy Catering,Business,happy.catering@business.com,555-3035,12/24/2021,Yes
CUST-0748,Robert Williams,Individual,robert.williams@email.com,555-8479,05/21/2021,Yes
CUST-0749,Happy Catering,Business,happy.catering@business.com,555-3161,09/20/2021,Yes
CUST-0750,Michael Jones,Individual,michael.jones@email.com,555-5489,10/12/2021,Yes
CUST-0751,Grand Grill,Business,grand.grill@business.com,555-2350,08/26/2021,Yes
CUST-0752,John Williams,Individual,john.williams@email.com,555-3711,02/03/2021,Yes
CUST-0753,Grand Grill,Business,grand.grill@business.com,555-4836,01/08/2021,Yes
CUST-0754,Mary Johnson,Individual,mary.johnson@email.com,555-2559,01/06/2021,Yes
CUST-0755,Happy Catering,Business,happy.catering@business.com,555-3174,11/23/2021,Yes
CUST-0756,David Rodriguez,Individual,david.rodriguez@email.com,555-8291,01/18/2021,Yes
CUST-0757,Grand Grill,Business,grand.grill@business.com,555-7919,11/01/2021,Yes
CUST-0758,Linda Davis,Individual,linda.davis@email.com,555-4751,11/26/2021,Yes
CUST-0759,Susan Lopez,Individual,susan.lopez@email.com,555-2690,11/10/2021,Yes
CUST-0760,John Williams,Individual,john.williams@email.com,555-3246,08/01/2021,Yes
CUST-0761,Jessica Johnson,Individual,jessica.johnson@email.com,555-3340,10/25/2021,Yes
CUST-0762,City Bistro,Business,city.bistro@business.com,555-3688,12/28/2021,Yes
CUST-0763,Susan Lopez,Individual,susan.lopez@email.com,555-3480,09/14/2021,Yes
CUST-0764,Elizabeth Martinez,Individual,elizabeth.martinez@email.com,555-8248,01/15/2021,Yes
CUST-0765,Mary Johnson,Individual,mary.johnson@email.com,555-3293,11/11/2021,Yes
CUST-0766,Elizabeth Martinez,Individual,elizabeth.martinez@email.com,555-6759,06/19/2021,Yes
CUST-0767,Jennifer Garcia,Individual,jennifer.garcia@email.com,555-5059,10/22/2021,Yes
CUST-0768,Mary Johnson,Individual,mary.johnson@email.com,555-5668,08/27/2021,Yes
CUST-0769,Susan Lopez,Individual,susan.lopez@email.com,555-5942,12/19/2021,Yes
CUST-0770,Elizabeth Martinez,Individual,elizabeth.martinez@email.com,555-4090,04/16/2021,Yes
CUST-0771,Michael Jones,Individual,michael.jones@email.com,555-1894,02/05/2021,Yes
CUST-0772,Joseph Smith,Individual,joseph.smith@email.com,555-9108,09/01/2021,Yes
CUST-0773,Patricia Brown,Individual,patricia.brown@email.com,555-2163,04/21/2021,Yes
CUST-0774,John Smith,Individual,john.smith@email.com,555-6185,07/01/2021,Yes
CUST-0775,City Bistro,Business,city.bistro@business.com,555-6986,05/31/2021,Yes
CUST-0776,Robert Williams,Individual,robert.williams@email.com,555-2195,05/05/2021,Yes
CUST-0777,Green Hotel,Business,green.hotel@business.com,555-5295,12/25/2021,Yes
CUST-0778,John Williams,Individual,john.williams@email.com,555-7520,12/02/2021,Yes
CUST-0779,James Hernandez,Individual,james.hernandez@email.com,555-9209,01/02/2021,Yes
CUST-0780,William Miller,Individual,william.miller@email.com,555-7590,01/07/2021,Yes
CUST-0781,City Bistro,Business,city.bistro@business.com,555-3501,04/01/2021,Yes
CUST-0782,Michael Jones,Individual,michael.jones@email.com,555-9377,11/22/2021,Yes
CUST-0783,Joseph Smith,Individual,joseph.smith@email.com,555-9788,10/14/2021,Yes
CUST-0784,Elizabeth Martinez,Individual,elizabeth.martinez@email.com,555-2083,02/11/2021,Yes
CUST-0785,William Miller,Individual,william.miller@email.com,555-1948,09/01/2021,Yes
CUST-0786,John Williams,Individual,john.williams@email.com,555-2900,05/24/2021,Yes
CUST-0787,Elizabeth Martinez,Individual,elizabeth.martinez@email.com,555-6067,12/04/2021,Yes
CUST-0788,James Hernandez,Individual,james.hernandez@email.com,555-2956,10/04/2021,Yes
CUST-0789,Sunrise Cafe,Business,sunrise.cafe@business.com,555-1185,01/07/2021,Yes
CUST-0790,Grand Grill,Business,grand.grill@business.com,555-9474,04/09/2021,Yes
CUST-0791,Susan Lopez,Individual,susan.lopez@email.com,555-3735,08/22/2021,Yes
CUST-0792,Susan Lopez,Individual,susan.lopez@email.com,555-2934,08/17/2021,Yes
CUST-0793,John Smith,Individual,john.smith@email.com,555-8034,07/14/2021,Yes
CUST-0794,Mary Johnson,Individual,mary.johnson@email.com,555-2262,08/20/2021,Yes
CUST-0795,David Rodriguez,Individual,david.rodriguez@email.com,555-1908,07/01/2021,Yes
CUST-0796,Elizabeth Martinez,Individual,elizabeth.martinez@email.com,555-7024,10/08/2021,Yes
CUST-0797,Green Hotel,Business,green.hotel@business.com,555-2889,03/14/2021,Yes
CUST-0798,David Rodriguez,Individual,david.rodriguez@email.com,555-1721,12/31/2021,Yes
CUST-0799,John Smith,Individual,john.smith@email.com,555-1753,08/29/2021,Yes
CUST-0800,William Miller,Individual,william.miller@email.com,555-3932,10/17/2021,Yes
CUST-0801,Jessica Johnson,Individual,jessica.johnson@email.com,555-7870,12/14/2021,Yes
CUST-0802,Patricia Brown,Individual,patricia.brown@email.com,555-6241,06/02/2021,Yes
CUST-0803,Mary Johnson,Individual,mary.johnson@email.com,555-7108,03/15/2021,Yes
CUST-0804,Green Hotel,Business,green.hotel@business.com,555-4656,10/02/2021,Yes
CUST-0805,John Smith,Individual,john.smith@email.com,555-2129,06/10/2021,Yes
CUST-0806,Jessica Johnson,Individual,jessica.johnson@email.com,555-6090,08/10/2021,Yes
CUST-0807,David Rodriguez,Individual,david.rodriguez@email.com,555-1130,05/13/2021,Yes
CUST-0808,Michael Jones,Individual,michael.jones@email.com,555-5979,03/19/2021,Yes
CUST-0809,Patricia Brown,Individual,patricia.brown@email.com,555-7033,05/09/2021,Yes
CUST-0810,Linda Davis,Individual,linda.davis@email.com,555-9954,09/23/2021,Yes
CUST-0811,Patricia Brown,Individual,patricia.brown@email.com,555-1104,10/16/2021,Yes
CUST-0812,John Smith,Individual,john.smith@email.com,555-9872,09/04/2021,Yes
CUST-0813,Jessica Johnson,Individual,jessica.johnson@email.com,555-1157,01/11/2021,Yes
CUST-0814,John Smith,Individual,john.smith@email.com,555-7164,01/30/2021,Yes
CUST-0815,Susan Lopez,Individual,susan.lopez@email.com,555-2703,07/28/2021,Yes
CUST-0816,Patricia Brown,Individual,patricia.brown@email.com,555-9061,06/01/2021,Yes
CUST-0817,Robert Williams,Individual,robert.williams@email.com,555-5584,01/02/2021,Yes
CUST-0818,Sunrise Cafe,Business,sunrise.cafe@business.com,555-7767,04/10/2021,Yes
CUST-0819,Jennifer Garcia,Individual,jennifer.garcia@email.com,555-2391,05/12/2021,Yes
CUST-0820,David Rodriguez,Individual,david.rodriguez@email.com,555-7461,10/25/2021,Yes
CUST-0821,City Bistro,Business,city.bistro@business.com,555-8126,12/01/2021,Yes
CUST-0822,Robert Williams,Individual,robert.williams@email.com,555-5778,09/02/2021,Yes
CUST-0823,Jennifer Garcia,Individual,jennifer.garcia@email.com,555-6345,06/14/2021,Yes
CUST-0824,Michael Jones,Individual,michael.jones@email.com,555-2223,09/04/2021,Yes
CUST-0825,Robert Williams,Individual,robert.williams@email.com,555-2785,03/08/2021,Yes
CUST-0826,Sunrise Cafe,Business,sunrise.cafe@business.com,555-8635,05/16/2021,Yes
CUST-0827,Mary Johnson,Individual,mary.johnson@email.com,555-6870,04/02/2021,Yes
CUST-0828,Patricia Brown,Individual,patricia.brown@email.com,555-6051,05/15/2021,Yes
CUST-0829,Jessica Johnson,Individual,jessica.johnson@email.com,555-2481,11/01/2021,Yes
CUST-0830,Grand Grill,Business,grand.grill@business.com,555-1660,01/06/2021,Yes
CUST-0831,Jessica Johnson,Individual,jessica.johnson@email.com,555-3430,07/18/2021,Yes
CUST-0832,Sunrise Cafe,Business,sunrise.cafe@business.com,555-7492,07/03/2021,Yes
CUST-0833,James Hernandez,Individual,james.hernandez@email.com,555-5262,08/01/2021,Yes
CUST-0834,Robert Williams,Individual,robert.williams@email.com,555-7625,12/17/2021,Yes
CUST-0835,David Rodriguez,Individual,david.rodriguez@email.com,555-5093,03/26/2021,Yes
CUST-0836,Green Hotel,Business,green.hotel@business.com,555-2989,10/22/2021,Yes
CUST-0837,Sunrise Cafe,Business,sunrise.cafe@business.com,555-4246,10/27/2021,Yes
CUST-0838,Jennifer Garcia,Individual,jennifer.garcia@email.com,555-2376,01/15/2021,Yes
CUST-0839,Michael Jones,Individual,michael.jones@email.com,555-1357,11/24/2021,Yes
CUST-0840,Patricia Brown,Individual,patricia.brown@email.com,555-8265,02/05/2021,Yes
CUST-0841,Mary Johnson,Individual,mary.johnson@email.com,555-3007,07/16/2021,Yes
CUST-0842,Happy Catering,Business,happy.catering@business.com,555-3752,12/07/2021,Yes
CUST-0843,William Miller,Individual,william.miller@email.com,555-9128,06/13/2021,Yes
CUST-0844,Happy Catering,Business,happy.catering@business.com,555-6799,10/05/2021,Yes
CUST-0845,Robert Williams,Individual,robert.williams@email.com,555-5585,08/14/2021,Yes
CUST-0846,Robert Williams,Individual,robert.williams@email.com,555-5026,12/15/2021,Yes
CUST-0847,Linda Davis,Individual,linda.davis@email.com,555-8848,06/05/2021,Yes
CUST-0848,Grand Grill,Business,grand.grill@business.com,555-3248,06/19/2021,Yes
CUST-0849,James Hernandez,Individual,james.hernandez@email.com,555-5082,04/07/2021,Yes
CUST-0850,Joseph Smith,Individual,joseph.smith@email.com,555-1319,03/29/2021,Yes
CUST-0851,Joseph Smith,Individual,joseph.smith@email.com,555-6883,01/01/2021,Yes
CUST-0852,Joseph Smith,Individual,joseph.smith@email.com,555-6636,04/28/2021,Yes
CUST-0853,David Rodriguez,Individual,david.rodriguez@email.com,555-7363,07/21/2021,Yes
CUST-0854,John Smith,Individual,john.smith@email.com,555-4588,07/22/2021,Yes
CUST-0855,Grand Grill,Business,grand.grill@business.com,555-8728,12/03/2021,Yes
CUST-0856,Joseph Smith,Individual,joseph.smith@email.com,555-4813,03/08/2021,Yes
CUST-0857,Mary Johnson,Individual,mary.johnson@email.com,555-4951,08/28/2021,Yes
CUST-0858,Jessica Johnson,Individual,jessica.johnson@email.com,555-4594,12/04/2021,Yes
CUST-0859,Joseph Smith,Individual,joseph.smith@email.com,555-6813,06/17/2021,Yes
CUST-0860,Jessica Johnson,Individual,jessica.johnson@email.com,555-3885,10/05/2021,Yes
CUST-0861,Jennifer Garcia,Individual,jennifer.garcia@email.com,555-6878,01/09/2021,Yes
CUST-0862,John Smith,Individual,john.smith@email.com,555-6761,01/06/2021,Yes
CUST-0863,Elizabeth Martinez,Individual,elizabeth.martinez@email.com,555-4084,10/21/2021,Yes
CUST-0864,Joseph Smith,Individual,joseph.smith@email.com,555-9882,04/24/2021,Yes
CUST-0865,Linda Davis,Individual,linda.davis@email.com,555-2478,12/13/2021,Yes
CUST-0866,City Bistro,Business,city.bistro@business.com,555-1326,09/11/2021,Yes
CUST-0867,John Smith,Individual,john.smith@email.com,555-4300,07/16/2021,Yes
CUST-0868,Jennifer Garcia,Individual,jennifer.garcia@email.com,555-6301,10/03/2021,Yes
CUST-0869,Sunrise Cafe,Business,sunrise.cafe@business.com,555-3320,03/07/2021,Yes
CUST-0870,Jessica Johnson,Individual,jessica.johnson@email.com,555-6978,04/07/2021,Yes
CUST-0871,Jennifer Garcia,Individual,jennifer.garcia@email.com,555-7481,01/06/2021,Yes
CUST-0872,Jennifer Garcia,Individual,jennifer.garcia@email.com,555-6285,07/31/2021,Yes
CUST-0873,Sunrise Cafe,Business,sunrise.cafe@business.com,555-8982,05/23/2021,Yes
CUST-0874,Robert Williams,Individual,robert.williams@email.com,555-6846,01/04/2021,Yes
CUST-0875,Elizabeth Martinez,Individual,elizabeth.martinez@email.com,555-7199,10/04/2021,Yes
CUST-0876,Susan Lopez,Individual,susan.lopez@email.com,555-3086,08/04/2021,Yes
CUST-0877,Green Hotel,Business,green.hotel@business.com,555-7415,01/07/2021,Yes
CUST-0878,Joseph Smith,Individual,joseph.smith@email.com,555-1530,03/17/2021,Yes
CUST-0879,Grand Grill,Business,grand.grill@business.com,555-4619,02/22/2021,Yes
CUST-0880,Mary Johnson,Individual,mary.johnson@email.com,555-3304,04/22/2021,Yes
CUST-0881,Mary Johnson,Individual,mary.johnson@email.com,555-6682,09/02/2021,Yes
CUST-0882,Robert Williams,Individual,robert.williams@email.com,555-2453,02/10/2021,Yes
CUST-0883,James Hernandez,Individual,james.hernandez@email.com,555-6500,02/08/2021,Yes
CUST-0884,Michael Jones,Individual,michael.jones@email.com,555-5088,09/16/2021,Yes
CUST-0885,Jennifer Garcia,Individual,jennifer.garcia@email.com,555-2770,08/23/2021,Yes
CUST-0886,John Smith,Individual,john.smith@email.com,555-8179,06/18/2021,Yes
CUST-0887,Robert Williams,Individual,robert.williams@email.com,555-9078,06/04/2021,Yes
CUST-0888,Jennifer Garcia,Individual,jennifer.garcia@email.com,555-7149,03/28/2021,Yes
CUST-0889,Happy Catering,Business,happy.catering@business.com,555-4695,03/12/2021,Yes
CUST-0890,Green Hotel,Business,green.hotel@business.com,555-5831,12/15/2021,Yes
CUST-0891,Grand Grill,Business,grand.grill@business.com,555-2215,11/09/2021,Yes
CUST-0892,John Williams,Individual,john.williams@email.com,555-3636,06/23/2021,Yes
CUST-0893,David Rodriguez,Individual,david.rodriguez@email.com,555-6536,11/15/2021,Yes
CUST-0894,Elizabeth Martinez,Individual,elizabeth.martinez@email.com,555-1507,04/29/2021,Yes
CUST-0895,James Hernandez,Individual,james.hernandez@email.com,555-8113,10/09/2021,Yes
CUST-0896,Green Hotel,Business,green.hotel@business.com,555-4367,07/16/2021,Yes
CUST-0897,William Miller,Individual,william.miller@email.com,555-9849,01/10/2021,Yes
CUST-0898,Michael Jones,Individual,michael.jones@email.com,555-4891,08/02/2021,Yes
CUST-0899,Happy Catering,Business,happy.catering@business.com,555-9043,03/15/2021,Yes
CUST-0900,Grand Grill,Business,grand.grill@business.com,555-8005,12/31/2021,Yes
CUST-0901,City Bistro,Business,city.bistro@business.com,555-4271,05/01/2021,Yes
CUST-0902,Sunrise Cafe,Business,sunrise.cafe@business.com,555-5781,10/06/2021,Yes
CUST-0903,Linda Davis,Individual,linda.davis@email.com,555-6052,11/03/2021,Yes
CUST-0904,Linda Davis,Individual,linda.davis@email.com,555-5341,04/26/2021,Yes
CUST-0905,City Bistro,Business,city.bistro@business.com,555-4029,06/17/2021,Yes
CUST-0906,William Miller,Individual,william.miller@email.com,555-4056,06/26/2021,Yes
CUST-0907,Michael Jones,Individual,michael.jones@email.com,555-8619,05/21/2021,Yes
CUST-0908,Jessica Johnson,Individual,jessica.johnson@email.com,555-2009,08/17/2021,Yes
CUST-0909,Green Hotel,Business,green.hotel@business.com,555-6632,11/19/2021,Yes
CUST-0910,William Miller,Individual,william.miller@email.com,555-4727,03/06/2021,Yes
CUST-0911,Jessica Johnson,Individual,jessica.johnson@email.com,555-9561,06/17/2021,Yes
CUST-0912,David Rodriguez,Individual,david.rodriguez@email.com,555-8779,01/15/2021,Yes
CUST-0913,Patricia Brown,Individual,patricia.brown@email.com,555-5896,05/03/2021,Yes
CUST-0914,Green Hotel,Business,green.hotel@business.com,555-9467,04/19/2021,Yes
CUST-0915,James Hernandez,Individual,james.hernandez@email.com,555-3415,02/18/2021,Yes
CUST-0916,Happy Catering,Business,happy.catering@business.com,555-3738,10/05/2021,Yes
CUST-0917,Joseph Smith,Individual,joseph.smith@email.com,555-3067,09/25/2021,Yes
CUST-0918,Green Hotel,Business,green.hotel@business.com,555-8133,01/17/2021,Yes
CUST-0919,Jessica Johnson,Individual,jessica.johnson@email.com,555-3422,02/14/2021,Yes
CUST-0920,Michael Jones,Individual,michael.jones@email.com,555-2097,07/22/2021,Yes
CUST-0921,City Bistro,Business,city.bistro@business.com,555-6343,06/12/2021,Yes
CUST-0922,David Rodriguez,Individual,david.rodriguez@email.com,555-1202,05/12/2021,Yes
CUST-0923,Elizabeth Martinez,Individual,elizabeth.martinez@email.com,555-9561,03/07/2021,Yes
CUST-0924,Mary Johnson,Individual,mary.johnson@email.com,555-3451,06/03/2021,Yes
CUST-0925,City Bistro,Business,city.bistro@business.com,555-2641,03/09/2021,Yes
CUST-0926,Elizabeth Martinez,Individual,elizabeth.martinez@email.com,555-5687,11/11/2021,Yes
CUST-0927,John Williams,Individual,john.williams@email.com,555-7732,07/09/2021,Yes
CUST-0928,James Hernandez,Individual,james.hernandez@email.com,555-8750,04/28/2021,Yes
CUST-0929,Grand Grill,Business,grand.grill@business.com,555-3356,06/09/2021,Yes
CUST-0930,James Hernandez,Individual,james.hernandez@email.com,555-7581,01/11/2021,Yes
CUST-0931,Grand Grill,Business,grand.grill@business.com,555-4892,01/13/2021,Yes
CUST-0932,Happy Catering,Business,happy.catering@business.com,555-7102,08/17/2021,Yes
CUST-0933,Grand Grill,Business,grand.grill@business.com,555-5593,07/26/2021,Yes
CUST-0934,Jessica Johnson,Individual,jessica.johnson@email.com,555-2609,01/10/2021,Yes
CUST-0935,Patricia Brown,Individual,patricia.brown@email.com,555-5923,10/25/2021,Yes
CUST-0936,Linda Davis,Individual,linda.davis@email.com,555-5414,07/21/2021,Yes
CUST-0937,Elizabeth Martinez,Individual,elizabeth.martinez@email.com,555-2462,02/05/2021,Yes
CUST-0938,Sunrise Cafe,Business,sunrise.cafe@business.com,555-8937,06/07/2021,Yes
CUST-0939,Jessica Johnson,Individual,jessica.johnson@email.com,555-1920,06/24/2021,Yes
CUST-0940,Robert Williams,Individual,robert.williams@email.com,555-6097,11/29/2021,Yes
CUST-0941,William Miller,Individual,william.miller@email.com,555-9589,10/24/2021,Yes
CUST-0942,John Smith,Individual,john.smith@email.com,555-4158,10/05/2021,Yes
CUST-0943,Patricia Brown,Individual,patricia.brown@email.com,555-5087,12/03/2021,Yes
CUST-0944,Green Hotel,Business,green.hotel@business.com,555-4262,07/01/2021,Yes
CUST-0945,Jessica Johnson,Individual,jessica.johnson@email.com,555-9275,05/09/2021,Yes
CUST-0946,John Williams,Individual,john.williams@email.com,555-1500,10/30/2021,Yes
CUST-0947,Linda Davis,Individual,linda.davis@email.com,555-8308,03/03/2021,Yes
CUST-0948,Happy Catering,Business,happy.catering@business.com,555-6730,03/07/2021,Yes
CUST-0949,Jessica Johnson,Individual,jessica.johnson@email.com,555-2480,08/22/2021,Yes
CUST-0950,William Miller,Individual,william.miller@email.com,555-3669,12/07/2021,Yes
CUST-0951,Joseph Smith,Individual,joseph.smith@email.com,555-4626,09/14/2021,Yes
CUST-0952,James Hernandez,Individual,james.hernandez@email.com,555-5408,09/18/2021,Yes
CUST-0953,David Rodriguez,Individual,david.rodriguez@email.com,555-1145,12/22/2021,Yes
CUST-0954,Robert Williams,Individual,robert.williams@email.com,555-3837,02/04/2021,Yes
CUST-0955,John Smith,Individual,john.smith@email.com,555-5135,09/09/2021,Yes
CUST-0956,Michael Jones,Individual,michael.jones@email.com,555-5511,01/02/2021,Yes
CUST-0957,William Miller,Individual,william.miller@email.com,555-8520,07/07/2021,Yes
CUST-0958,Linda Davis,Individual,linda.davis@email.com,555-9530,07/31/2021,Yes
CUST-0959,William Miller,Individual,william.miller@email.com,555-2676,03/08/2021,Yes
CUST-0960,Grand Grill,Business,grand.grill@business.com,555-5631,03/20/2021,Yes
CUST-0961,Mary Johnson,Individual,mary.johnson@email.com,555-2045,04/30/2021,Yes
CUST-0962,Michael Jones,Individual,michael.jones@email.com,555-6327,02/08/2021,Yes
CUST-0963,Michael Jones,Individual,michael.jones@email.com,555-5895,01/31/2021,Yes
CUST-0964,City Bistro,Business,city.bistro@business.com,555-1930,08/31/2021,Yes
CUST-0965,Joseph Smith,Individual,joseph.smith@email.com,555-7620,02/28/2021,Yes
CUST-0966,James Hernandez,Individual,james.hernandez@email.com,555-1417,10/22/2021,Yes
CUST-0967,Michael Jones,Individual,michael.jones@email.com,555-7857,08/22/2021,Yes
CUST-0968,Susan Lopez,Individual,susan.lopez@email.com,555-4111,12/14/2021,Yes
CUST-0969,Susan Lopez,Individual,susan.lopez@email.com,555-9759,09/10/2021,Yes
CUST-0970,Linda Davis,Individual,linda.davis@email.com,555-6873,01/23/2021,Yes
CUST-0971,Jessica Johnson,Individual,jessica.johnson@email.com,555-3967,10/06/2021,Yes
CUST-0972,Linda Davis,Individual,linda.davis@email.com,555-5237,10/28/2021,Yes
CUST-0973,David Rodriguez,Individual,david.rodriguez@email.com,555-6499,09/30/2021,Yes
CUST-0974,Patricia Brown,Individual,patricia.brown@email.com,555-4659,07/04/2021,Yes
CUST-0975,Michael Jones,Individual,michael.jones@email.com,555-6428,05/31/2021,Yes
CUST-0976,Elizabeth Martinez,Individual,elizabeth.martinez@email.com,555-8598,08/04/2021,Yes
CUST-0977,Linda Davis,Individual,linda.davis@email.com,555-2166,12/05/2021,Yes
CUST-0978,Patricia Brown,Individual,patricia.brown@email.com,555-2963,04/20/2021,Yes
CUST-0979,William Miller,Individual,william.miller@email.com,555-5888,04/05/2021,Yes
CUST-0980,Jessica Johnson,Individual,jessica.johnson@email.com,555-3250,10/16/2021,Yes
CUST-0981,Jennifer Garcia,Individual,jennifer.garcia@email.com,555-8496,06/06/2021,Yes
CUST-0982,Sunrise Cafe,Business,sunrise.cafe@business.com,555-8988,11/21/2021,Yes
CUST-0983,Robert Williams,Individual,robert.williams@email.com,555-1950,07/25/2021,Yes
CUST-0984,Grand Grill,Business,grand.grill@business.com,555-3762,09/16/2021,Yes
CUST-0985,Robert Williams,Individual,robert.williams@email.com,555-2442,04/26/2021,Yes
CUST-0986,Happy Catering,Business,happy.catering@business.com,555-8035,02/11/2021,Yes
CUST-0987,Linda Davis,Individual,linda.davis@email.com,555-1076,06/19/2021,Yes
CUST-0988,Sunrise Cafe,Business,sunrise.cafe@business.com,555-1230,06/24/2021,Yes
CUST-0989,Joseph Smith,Individual,joseph.smith@email.com,555-4122,04/05/2021,Yes
CUST-0990,Green Hotel,Business,green.hotel@business.com,555-5076,02/15/2021,Yes
CUST-0991,John Williams,Individual,john.williams@email.com,555-6113,07/09/2021,Yes
CUST-0992,Happy Catering,Business,happy.catering@business.com,555-6015,04/19/2021,Yes
CUST-0993,Green Hotel,Business,green.hotel@business.com,555-5764,08/02/2021,Yes
CUST-0994,David Rodriguez,Individual,david.rodriguez@email.com,555-9587,03/02/2021,Yes
CUST-0995,John Williams,Individual,john.williams@email.com,555-3192,01/15/2021,Yes
CUST-0996,John Williams,Individual,john.williams@email.com,555-6885,04/26/2021,Yes
CUST-0997,Robert Williams,Individual,robert.williams@email.com,555-1313,06/09/2021,Yes
CUST-0998,Susan Lopez,Individual,susan.lopez@email.com,555-4460,10/26/2021,Yes
CUST-0999,Elizabeth Martinez,Individual,elizabeth.martinez@email.com,555-3768,04/18/2021,Yes
CUST-1000,Green Hotel,Business,green.hotel@business.com,555-5190,06/23/2021,Yes
CUST-1001,Elizabeth Martinez,Individual,elizabeth.martinez@email.com,555-1785,12/08/2021,Yes
CUST-1002,James Hernandez,Individual,james.hernandez@email.com,555-1790,12/22/2021,Yes
CUST-1003,William Miller,Individual,william.miller@email.com,555-7230,05/19/2021,Yes
CUST-1004,Grand Grill,Business,grand.grill@business.com,555-3508,05/04/2021,Yes
CUST-1005,James Hernandez,Individual,james.hernandez@email.com,555-1152,02/13/2021,Yes
CUST-1006,James Hernandez,Individual,james.hernandez@email.com,555-9524,11/11/2021,Yes
CUST-1007,Elizabeth Martinez,Individual,elizabeth.martinez@email.com,555-3247,01/08/2021,Yes
CUST-1008,John Williams,Individual,john.williams@email.com,555-9381,11/09/2021,Yes
CUST-1009,Mary Johnson,Individual,mary.johnson@email.com,555-2867,08/10/2021,Yes
CUST-1010,Linda Davis,Individual,linda.davis@email.com,555-4272,09/22/2021,Yes
CUST-1011,Jessica Johnson,Individual,jessica.johnson@email.com,555-4304,04/09/2021,Yes
CUST-1012,William Miller,Individual,william.miller@email.com,555-3627,08/03/2021,Yes
CUST-1013,Happy Catering,Business,happy.catering@business.com,555-8875,09/17/2021,Yes
CUST-1014,John Smith,Individual,john.smith@email.com,555-2458,12/26/2021,Yes
CUST-1015,Jessica Johnson,Individual,jessica.johnson@email.com,555-9095,03/14/2021,Yes
CUST-1016,Green Hotel,Business,green.hotel@business.com,555-2229,04/15/2021,Yes
CUST-1017,Mary Johnson,Individual,mary.johnson@email.com,555-4787,08/23/2021,Yes
CUST-1018,Michael Jones,Individual,michael.jones@email.com,555-8606,08/19/2021,Yes
CUST-1019,Sunrise Cafe,Business,sunrise.cafe@business.com,555-5760,12/12/2021,Yes
CUST-1020,James Hernandez,Individual,james.hernandez@email.com,555-7979,07/25/2021,Yes
CUST-1021,Mary Johnson,Individual,mary.johnson@email.com,555-1158,12/09/2021,Yes
CUST-1022,James Hernandez,Individual,james.hernandez@email.com,555-3793,02/04/2021,Yes
CUST-1023,John Williams,Individual,john.williams@email.com,555-5395,05/22/2021,Yes
CUST-1024,Mary Johnson,Individual,mary.johnson@email.com,555-6615,06/25/2021,Yes
CUST-1025,Happy Catering,Business,happy.catering@business.com,555-8479,06/11/2021,Yes
CUST-1026,William Miller,Individual,william.miller@email.com,555-8835,01/13/2021,Yes
CUST-1027,James Hernandez,Individual,james.hernandez@email.com,555-2852,10/08/2021,Yes
CUST-1028,Green Hotel,Business,green.hotel@business.com,555-2699,10/12/2021,Yes
CUST-1029,Elizabeth Martinez,Individual,elizabeth.martinez@email.com,555-8178,04/29/2021,Yes
CUST-1030,Happy Catering,Business,happy.catering@business.com,555-1472,07/02/2021,Yes
CUST-1031,John Williams,Individual,john.williams@email.com,555-8914,10/27/2021,Yes
CUST-1032,Mary Johnson,Individual,mary.johnson@email.com,555-8220,06/05/2021,Yes
CUST-1033,Grand Grill,Business,grand.grill@business.com,555-6148,01/31/2021,Yes
CUST-1034,City Bistro,Business,city.bistro@business.com,555-4669,03/12/2021,Yes
CUST-1035,James Hernandez,Individual,james.hernandez@email.com,555-9504,07/12/2021,Yes
CUST-1036,Susan Lopez,Individual,susan.lopez@email.com,555-2560,02/19/2021,Yes
CUST-1037,Susan Lopez,Individual,susan.lopez@email.com,555-8895,08/27/2021,Yes
CUST-1038,James Hernandez,Individual,james.hernandez@email.com,555-7305,02/07/2021,Yes
CUST-1039,City Bistro,Business,city.bistro@business.com,555-1894,02/22/2021,Yes
CUST-1040,Sunrise Cafe,Business,sunrise.cafe@business.com,555-8688,04/18/2021,Yes
CUST-1041,Jessica Johnson,Individual,jessica.johnson@email.com,555-2226,10/09/2021,Yes
CUST-1042,Jennifer Garcia,Individual,jennifer.garcia@email.com,555-6421,08/31/2021,Yes
CUST-1043,John Smith,Individual,john.smith@email.com,555-4648,04/17/2021,Yes
CUST-1044,William Miller,Individual,william.miller@email.com,555-4850,06/09/2021,Yes
CUST-1045,Happy Catering,Business,happy.catering@business.com,555-8341,03/14/2021,Yes
CUST-1046,Happy Catering,Business,happy.catering@business.com,555-6178,05/18/2021,Yes
CUST-1047,Happy Catering,Business,happy.catering@business.com,555-1291,02/01/2021,Yes
CUST-1048,Happy Catering,Business,happy.catering@business.com,555-9996,12/14/2021,Yes
CUST-1049,Green Hotel,Business,green.hotel@business.com,555-5990,02/26/2021,Yes
CUST-1050,David Rodriguez,Individual,david.rodriguez@email.com,555-8474,09/18/2021,Yes
CUST-1051,Jennifer Garcia,Individual,jennifer.garcia@email.com,555-4652,12/05/2021,Yes
CUST-1052,Jennifer Garcia,Individual,jennifer.garcia@email.com,555-8751,03/21/2021,Yes
CUST-1053,Jennifer Garcia,Individual,jennifer.garcia@email.com,555-2868,05/15/2021,Yes
CUST-1054,Sunrise Cafe,Business,sunrise.cafe@business.com,555-6592,12/31/2021,Yes
CUST-1055,James Hernandez,Individual,james.hernandez@email.com,555-9973,08/05/2021,Yes
CUST-1056,Susan Lopez,Individual,susan.lopez@email.com,555-1750,11/08/2021,Yes
CUST-1057,Linda Davis,Individual,linda.davis@email.com,555-7704,10/22/2021,Yes
CUST-1058,City Bistro,Business,city.bistro@business.com,555-4072,09/23/2021,Yes
CUST-1059,Happy Catering,Business,happy.catering@business.com,555-8488,09/13/2021,Yes
CUST-1060,Patricia Brown,Individual,patricia.brown@email.com,555-2765,07/12/2021,Yes
CUST-1061,John Smith,Individual,john.smith@email.com,555-3018,02/11/2021,Yes
CUST-1062,Linda Davis,Individual,linda.davis@email.com,555-9260,05/12/2021,Yes
CUST-1063,Happy Catering,Business,happy.catering@business.com,555-9689,12/30/2021,Yes
CUST-1064,David Rodriguez,Individual,david.rodriguez@email.com,555-8912,05/25/2021,Yes
CUST-1065,Joseph Smith,Individual,joseph.smith@email.com,555-3845,10/03/2021,Yes
CUST-1066,Robert Williams,Individual,robert.williams@email.com,555-7347,11/09/2021,Yes
CUST-1067,Elizabeth Martinez,Individual,elizabeth.martinez@email.com,555-9259,07/21/2021,Yes
CUST-1068,William Miller,Individual,william.miller@email.com,555-5067,02/24/2021,Yes
CUST-1069,Jennifer Garcia,Individual,jennifer.garcia@email.com,555-8419,08/04/2021,Yes
CUST-1070,Robert Williams,Individual,robert.williams@email.com,555-9393,06/04/2021,Yes
CUST-1071,Susan Lopez,Individual,susan.lopez@email.com,555-6143,03/27/2021,Yes
CUST-1072,John Williams,Individual,john.williams@email.com,555-4560,03/24/2021,Yes
CUST-1073,Elizabeth Martinez,Individual,elizabeth.martinez@email.com,555-5760,01/01/2021,Yes
CUST-1074,John Williams,Individual,john.williams@email.com,555-3173,01/22/2021,Yes
CUST-1075,James Hernandez,Individual,james.hernandez@email.com,555-9255,10/02/2021,Yes
CUST-1076,James Hernandez,Individual,james.hernandez@email.com,555-2890,07/20/2021,Yes
CUST-1077,David Rodriguez,Individual,david.rodriguez@email.com,555-7839,05/01/2021,Yes
CUST-1078,John Williams,Individual,john.williams@email.com,555-5684,04/03/2021,Yes
CUST-1079,William Miller,Individual,william.miller@email.com,555-9564,12/26/2021,Yes
CUST-1080,Happy Catering,Business,happy.catering@business.com,555-1869,10/19/2021,Yes
CUST-1081,Patricia Brown,Individual,patricia.brown@email.com,555-3636,08/18/2021,Yes
CUST-1082,James Hernandez,Individual,james.hernandez@email.com,555-3399,08/26/2021,Yes
CUST-1083,Susan Lopez,Individual,susan.lopez@email.com,555-4342,08/03/2021,Yes
CUST-1084,John Smith,Individual,john.smith@email.com,555-8415,07/02/2021,Yes
CUST-1085,City Bistro,Business,city.bistro@business.com,555-7371,09/09/2021,Yes
CUST-1086,Joseph Smith,Individual,joseph.smith@email.com,555-5712,01/10/2021,Yes
CUST-1087,John Smith,Individual,john.smith@email.com,555-7349,06/20/2021,Yes
CUST-1088,Joseph Smith,Individual,joseph.smith@email.com,555-6122,01/16/2021,Yes
CUST-1089,John Smith,Individual,john.smith@email.com,555-5117,12/26/2021,Yes
CUST-1090,Jessica Johnson,Individual,jessica.johnson@email.com,555-4695,05/20/2021,Yes
CUST-1091,Susan Lopez,Individual,susan.lopez@email.com,555-7025,01/03/2021,Yes
CUST-1092,David Rodriguez,Individual,david.rodriguez@email.com,555-4218,02/27/2021,Yes
CUST-1093,Patricia Brown,Individual,patricia.brown@email.com,555-8353,08/04/2021,Yes
CUST-1094,Green Hotel,Business,green.hotel@business.com,555-3847,09/28/2021,Yes
CUST-1095,Mary Johnson,Individual,mary.johnson@email.com,555-1665,06/22/2021,Yes
CUST-1096,David Rodriguez,Individual,david.rodriguez@email.com,555-3131,08/19/2021,Yes
CUST-1097,Grand Grill,Business,grand.grill@business.com,555-6415,12/30/2021,Yes
CUST-1098,John Williams,Individual,john.williams@email.com,555-1654,10/14/2021,Yes
CUST-1099,Grand Grill,Business,grand.grill@business.com,555-1833,03/02/2021,Yes
CUST-1100,James Hernandez,Individual,james.hernandez@email.com,555-5934,02/20/2021,Yes
CUST-1101,Elizabeth Martinez,Individual,elizabeth.martinez@email.com,555-6866,03/26/2021,Yes
CUST-1102,Grand Grill,Business,grand.grill@business.com,555-4603,04/07/2021,Yes
CUST-1103,David Rodriguez,Individual,david.rodriguez@email.com,555-9276,11/28/2021,Yes
CUST-1104,City Bistro,Business,city.bistro@business.com,555-7609,04/02/2021,Yes
CUST-1105,Sunrise Cafe,Business,sunrise.cafe@business.com,555-6437,09/14/2021,Yes
CUST-1106,Michael Jones,Individual,michael.jones@email.com,555-9691,09/12/2021,Yes
CUST-1107,David Rodriguez,Individual,david.rodriguez@email.com,555-1144,02/03/2021,Yes
CUST-1108,Grand Grill,Business,grand.grill@business.com,555-4937,05/18/2021,Yes
CUST-1109,Elizabeth Martinez,Individual,elizabeth.martinez@email.com,555-4994,02/17/2021,Yes
CUST-1110,James Hernandez,Individual,james.hernandez@email.com,555-7248,07/21/2021,Yes
CUST-1111,Mary Johnson,Individual,mary.johnson@email.com,555-5203,06/18/2021,Yes
CUST-1112,Michael Jones,Individual,michael.jones@email.com,555-9468,12/20/2021,Yes
CUST-1113,Jennifer Garcia,Individual,jennifer.garcia@email.com,555-9335,04/13/2021,Yes
CUST-1114,John Smith,Individual,john.smith@email.com,555-4154,08/03/2021,Yes
CUST-1115,Mary Johnson,Individual,mary.johnson@email.com,555-3742,11/13/2021,Yes
CUST-1116,Joseph Smith,Individual,joseph.smith@email.com,555-9736,04/01/2021,Yes
CUST-1117,Green Hotel,Business,green.hotel@business.com,555-4492,09/16/2021,Yes
CUST-1118,William Miller,Individual,william.miller@email.com,555-4368,11/09/2021,Yes
CUST-1119,Susan Lopez,Individual,susan.lopez@email.com,555-2181,05/24/2021,Yes
CUST-1120,Robert Williams,Individual,robert.williams@email.com,555-8523,12/20/2021,Yes
CUST-1121,John Smith,Individual,john.smith@email.com,555-2200,11/18/2021,Yes
CUST-1122,Grand Grill,Business,grand.grill@business.com,555-2154,03/22/2021,Yes
CUST-1123,Patricia Brown,Individual,patricia.brown@email.com,555-7678,08/22/2021,Yes
CUST-1124,James Hernandez,Individual,james.hernandez@email.com,555-8094,06/08/2021,Yes
CUST-1125,William Miller,Individual,william.miller@email.com,555-2938,01/22/2021,Yes
CUST-1126,James Hernandez,Individual,james.hernandez@email.com,555-2036,02/19/2021,Yes
CUST-1127,Elizabeth Martinez,Individual,elizabeth.martinez@email.com,555-2189,12/09/2021,Yes
CUST-1128,David Rodriguez,Individual,david.rodriguez@email.com,555-5748,11/08/2021,Yes
CUST-1129,Michael Jones,Individual,michael.jones@email.com,555-2417,02/25/2021,Yes
CUST-1130,John Williams,Individual,john.williams@email.com,555-7249,05/22/2021,Yes
CUST-1131,James Hernandez,Individual,james.hernandez@email.com,555-8765,12/17/2021,Yes
CUST-1132,Sunrise Cafe,Business,sunrise.cafe@business.com,555-7406,10/24/2021,Yes
CUST-1133,Jessica Johnson,Individual,jessica.johnson@email.com,555-5832,03/28/2021,Yes
CUST-1134,Robert Williams,Individual,robert.williams@email.com,555-7113,08/02/2021,Yes
CUST-1135,John Smith,Individual,john.smith@email.com,555-3316,03/24/2021,Yes
CUST-1136,Green Hotel,Business,green.hotel@business.com,555-7456,03/14/2021,Yes
CUST-1137,Mary Johnson,Individual,mary.johnson@email.com,555-4441,07/29/2021,Yes
CUST-1138,John Williams,Individual,john.williams@email.com,555-4469,07/09/2021,Yes
CUST-1139,James Hernandez,Individual,james.hernandez@email.com,555-3333,04/14/2021,Yes
CUST-1140,Sunrise Cafe,Business,sunrise.cafe@business.com,555-5140,02/20/2021,Yes
CUST-1141,Sunrise Cafe,Business,sunrise.cafe@business.com,555-1891,01/23/2021,Yes
CUST-1142,John Williams,Individual,john.williams@email.com,555-8557,03/26/2021,Yes
CUST-1143,Mary Johnson,Individual,mary.johnson@email.com,555-2103,08/06/2021,Yes
CUST-1144,Patricia Brown,Individual,patricia.brown@email.com,555-8982,03/10/2021,Yes
CUST-1145,Jennifer Garcia,Individual,jennifer.garcia@email.com,555-4842,10/28/2021,Yes
CUST-1146,City Bistro,Business,city.bistro@business.com,555-4170,11/27/2021,Yes
CUST-1147,Linda Davis,Individual,linda.davis@email.com,555-6008,07/17/2021,Yes
CUST-1148,Robert Williams,Individual,robert.williams@email.com,555-6971,03/18/2021,Yes
CUST-1149,William Miller,Individual,william.miller@email.com,555-1079,10/07/2021,Yes
CUST-1150,Joseph Smith,Individual,joseph.smith@email.com,555-8145,09/10/2021,Yes
CUST-1151,Jennifer Garcia,Individual,jennifer.garcia@email.com,555-6432,10/25/2021,Yes
CUST-1152,Linda Davis,Individual,linda.davis@email.com,555-6877,05/18/2021,Yes
CUST-1153,Linda Davis,Individual,linda.davis@email.com,555-2783,03/25/2021,Yes
CUST-1154,City Bistro,Business,city.bistro@business.com,555-5597,11/21/2021,Yes
CUST-1155,Robert Williams,Individual,robert.williams@email.com,555-4218,04/01/2021,Yes
CUST-1156,John Williams,Individual,john.williams@email.com,555-2252,02/15/2021,Yes
CUST-1157,John Williams,Individual,john.williams@email.com,555-9309,12/23/2021,Yes
CUST-1158,Jessica Johnson,Individual,jessica.johnson@email.com,555-7637,03/10/2021,Yes
CUST-1159,Patricia Brown,Individual,patricia.brown@email.com,555-5269,12/14/2021,Yes
CUST-1160,David Rodriguez,Individual,david.rodriguez@email.com,555-3435,05/05/2021,Yes
CUST-1161,Patricia Brown,Individual,patricia.brown@email.com,555-5767,03/06/2021,Yes
CUST-1162,City Bistro,Business,city.bistro@business.com,555-2483,04/15/2021,Yes
CUST-1163,David Rodriguez,Individual,david.rodriguez@email.com,555-4913,12/27/2021,Yes
CUST-1164,Joseph Smith,Individual,joseph.smith@email.com,555-3717,02/21/2021,Yes
CUST-1165,Robert Williams,Individual,robert.williams@email.com,555-3608,05/18/2021,Yes
CUST-1166,City Bistro,Business,city.bistro@business.com,555-3395,01/29/2021,Yes
CUST-1167,Linda Davis,Individual,linda.davis@email.com,555-1662,07/02/2021,Yes
CUST-1168,Linda Davis,Individual,linda.davis@email.com,555-2029,09/05/2021,Yes
CUST-1169,Patricia Brown,Individual,patricia.brown@email.com,555-4387,12/11/2021,Yes
CUST-1170,Joseph Smith,Individual,joseph.smith@email.com,555-7358,07/01/2021,Yes
CUST-1171,Linda Davis,Individual,linda.davis@email.com,555-1653,12/09/2021,Yes
CUST-1172,Jennifer Garcia,Individual,jennifer.garcia@email.com,555-9542,11/10/2021,Yes
CUST-1173,Michael Jones,Individual,michael.jones@email.com,555-9918,08/20/2021,Yes
CUST-1174,William Miller,Individual,william.miller@email.com,555-7201,02/01/2021,Yes
CUST-1175,James Hernandez,Individual,james.hernandez@email.com,555-9465,11/23/2021,Yes
CUST-1176,John Williams,Individual,john.williams@email.com,555-9460,09/09/2021,Yes
CUST-1177,Jessica Johnson,Individual,jessica.johnson@email.com,555-8976,07/09/2021,Yes
CUST-1178,John Williams,Individual,john.williams@email.com,555-1108,02/26/2021,Yes
CUST-1179,Robert Williams,Individual,robert.williams@email.com,555-3713,05/21/2021,Yes
CUST-1180,David Rodriguez,Individual,david.rodriguez@email.com,555-5600,02/06/2021,Yes
CUST-1181,Robert Williams,Individual,robert.williams@email.com,555-6934,10/13/2021,Yes
CUST-1182,Jessica Johnson,Individual,jessica.johnson@email.com,555-4773,11/02/2021,Yes
CUST-1183,Jennifer Garcia,Individual,jennifer.garcia@email.com,555-8889,11/04/2021,Yes
CUST-1184,Linda Davis,Individual,linda.davis@email.com,555-3641,09/16/2021,Yes
CUST-1185,William Miller,Individual,william.miller@email.com,555-4992,12/21/2021,Yes
CUST-1186,City Bistro,Business,city.bistro@business.com,555-3639,03/04/2021,Yes
CUST-1187,City Bistro,Business,city.bistro@business.com,555-3406,12/12/2021,Yes
CUST-1188,Grand Grill,Business,grand.grill@business.com,555-9464,10/01/2021,Yes
CUST-1189,Elizabeth Martinez,Individual,elizabeth.martinez@email.com,555-1305,03/19/2021,Yes
CUST-1190,Susan Lopez,Individual,susan.lopez@email.com,555-5644,01/28/2021,Yes
CUST-1191,Patricia Brown,Individual,patricia.brown@email.com,555-8723,05/17/2021,Yes
CUST-1192,Robert Williams,Individual,robert.williams@email.com,555-7730,09/11/2021,Yes
CUST-1193,Joseph Smith,Individual,joseph.smith@email.com,555-3979,03/09/2021,Yes
CUST-1194,David Rodriguez,Individual,david.rodriguez@email.com,555-3747,08/19/2021,Yes
CUST-1195,Jennifer Garcia,Individual,jennifer.garcia@email.com,555-2127,05/14/2021,Yes
CUST-1196,William Miller,Individual,william.miller@email.com,555-2778,10/26/2021,Yes
CUST-1197,City Bistro,Business,city.bistro@business.com,555-7877,04/18/2021,Yes
CUST-1198,Elizabeth Martinez,Individual,elizabeth.martinez@email.com,555-3906,11/13/2021,Yes
CUST-1199,Elizabeth Martinez,Individual,elizabeth.martinez@email.com,555-1639,02/28/2021,Yes
CUST-1200,David Rodriguez,Individual,david.rodriguez@email.com,555-2925,04/19/2021,Yes
CUST-1201,Sunrise Cafe,Business,sunrise.cafe@business.com,555-9835,02/27/2021,Yes
CUST-1202,John Williams,Individual,john.williams@email.com,555-8069,01/19/2021,Yes
CUST-1203,Jennifer Garcia,Individual,jennifer.garcia@email.com,555-9680,12/10/2021,Yes
CUST-1204,Joseph Smith,Individual,joseph.smith@email.com,555-7246,04/30/2021,Yes
CUST-1205,Joseph Smith,Individual,joseph.smith@email.com,555-2600,01/10/2021,Yes
CUST-1206,Michael Jones,Individual,michael.jones@email.com,555-4809,05/02/2021,Yes
CUST-1207,Mary Johnson,Individual,mary.johnson@email.com,555-9908,08/09/2021,Yes
CUST-1208,Patricia Brown,Individual,patricia.brown@email.com,555-1116,12/30/2021,Yes
CUST-1209,Mary Johnson,Individual,mary.johnson@email.com,555-1117,04/10/2021,Yes
CUST-1210,Patricia Brown,Individual,patricia.brown@email.com,555-6175,01/14/2021,Yes
CUST-1211,Mary Johnson,Individual,mary.johnson@email.com,555-7980,10/14/2021,Yes
CUST-1212,Michael Jones,Individual,michael.jones@email.com,555-9783,08/21/2021,Yes
CUST-1213,Jennifer Garcia,Individual,jennifer.garcia@email.com,555-5514,02/22/2021,Yes
CUST-1214,William Miller,Individual,william.miller@email.com,555-7770,09/19/2021,Yes
CUST-1215,David Rodriguez,Individual,david.rodriguez@email.com,555-3928,04/29/2021,Yes
CUST-1216,David Rodriguez,Individual,david.rodriguez@email.com,555-5157,04/29/2021,Yes
CUST-1217,Elizabeth Martinez,Individual,elizabeth.martinez@email.com,555-7522,07/09/2021,Yes
CUST-1218,Jessica Johnson,Individual,jessica.johnson@email.com,555-2951,01/29/2021,Yes
CUST-1219,Linda Davis,Individual,linda.davis@email.com,555-3650,01/08/2021,Yes
CUST-1220,City Bistro,Business,city.bistro@business.com,555-6544,06/10/2021,Yes
CUST-1221,Elizabeth Martinez,Individual,elizabeth.martinez@email.com,555-1852,01/10/2021,Yes
CUST-1222,Green Hotel,Business,green.hotel@business.com,555-3381,11/16/2021,Yes
CUST-1223,Elizabeth Martinez,Individual,elizabeth.martinez@email.com,555-2444,05/24/2021,Yes
CUST-1224,Sunrise Cafe,Business,sunrise.cafe@business.com,555-2311,06/26/2021,Yes
CUST-1225,Susan Lopez,Individual,susan.lopez@email.com,555-7564,06/19/2021,Yes
CUST-1226,David Rodriguez,Individual,david.rodriguez@email.com,555-1941,08/08/2021,Yes
CUST-1227,Jessica Johnson,Individual,jessica.johnson@email.com,555-9099,10/04/2021,Yes
CUST-1228,Patricia Brown,Individual,patricia.brown@email.com,555-9489,01/30/2021,Yes
CUST-1229,John Smith,Individual,john.smith@email.com,555-9364,03/01/2021,Yes
CUST-1230,Patricia Brown,Individual,patricia.brown@email.com,555-3776,02/21/2021,Yes
CUST-1231,Jennifer Garcia,Individual,jennifer.garcia@email.com,555-1004,09/01/2021,Yes
CUST-1232,Mary Johnson,Individual,mary.johnson@email.com,555-7544,08/13/2021,Yes
CUST-1233,William Miller,Individual,william.miller@email.com,555-4281,06/08/2021,Yes
CUST-1234,Susan Lopez,Individual,susan.lopez@email.com,555-2124,01/06/2021,Yes
CUST-1235,David Rodriguez,Individual,david.rodriguez@email.com,555-6703,08/09/2021,Yes
CUST-1236,Jessica Johnson,Individual,jessica.johnson@email.com,555-4707,08/13/2021,Yes
CUST-1237,Patricia Brown,Individual,patricia.brown@email.com,555-7618,05/14/2021,Yes
CUST-1238,Michael Jones,Individual,michael.jones@email.com,555-7670,10/04/2021,Yes
CUST-1239,David Rodriguez,Individual,david.rodriguez@email.com,555-9243,11/25/2021,Yes
CUST-1240,Mary Johnson,Individual,mary.johnson@email.com,555-5222,04/14/2021,Yes
CUST-1241,Jessica Johnson,Individual,jessica.johnson@email.com,555-5098,03/13/2021,Yes
CUST-1242,William Miller,Individual,william.miller@email.com,555-8923,03/19/2021,Yes
CUST-1243,Joseph Smith,Individual,joseph.smith@email.com,555-8517,07/12/2021,Yes
CUST-1244,John Williams,Individual,john.williams@email.com,555-1448,03/07/2021,Yes
CUST-1245,Michael Jones,Individual,michael.jones@email.com,555-7269,11/28/2021,Yes
CUST-1246,Patricia Brown,Individual,patricia.brown@email.com,555-4767,01/20/2021,Yes
CUST-1247,William Miller,Individual,william.miller@email.com,555-9462,07/05/2021,Yes
CUST-1248,Susan Lopez,Individual,susan.lopez@email.com,555-5067,08/20/2021,Yes
CUST-1249,William Miller,Individual,william.miller@email.com,555-6603,01/22/2021,Yes
CUST-1250,Sunrise Cafe,Business,sunrise.cafe@business.com,555-6142,05/03/2021,Yes
CUST-1251,John Williams,Individual,john.williams@email.com,555-5408,03/14/2021,Yes
CUST-1252,Sunrise Cafe,Business,sunrise.cafe@business.com,555-4271,04/21/2021,Yes
CUST-1253,Patricia Brown,Individual,patricia.brown@email.com,555-4387,08/19/2021,Yes
CUST-1254,Jessica Johnson,Individual,jessica.johnson@email.com,555-6833,08/27/2021,Yes
CUST-1255,Green Hotel,Business,green.hotel@business.com,555-2285,11/01/2021,Yes
CUST-1256,James Hernandez,Individual,james.hernandez@email.com,555-1108,04/24/2021,Yes
CUST-1257,David Rodriguez,Individual,david.rodriguez@email.com,555-8901,12/11/2021,Yes
CUST-1258,Jennifer Garcia,Individual,jennifer.garcia@email.com,555-5501,04/24/2021,Yes
CUST-1259,Joseph Smith,Individual,joseph.smith@email.com,555-5591,04/15/2021,Yes
CUST-1260,Joseph Smith,Individual,joseph.smith@email.com,555-3101,03/12/2021,Yes
CUST-1261,Happy Catering,Business,happy.catering@business.com,555-9859,05/02/2021,Yes
CUST-1262,Grand Grill,Business,grand.grill@business.com,555-3863,06/14/2021,Yes
CUST-1263,Mary Johnson,Individual,mary.johnson@email.com,555-9490,01/09/2021,Yes
CUST-1264,Susan Lopez,Individual,susan.lopez@email.com,555-1193,12/28/2021,Yes
CUST-1265,William Miller,Individual,william.miller@email.com,555-2650,03/10/2021,Yes
CUST-1266,Elizabeth Martinez,Individual,elizabeth.martinez@email.com,555-4066,08/22/2021,Yes
CUST-1267,Patricia Brown,Individual,patricia.brown@email.com,555-8722,08/17/2021,Yes
CUST-1268,Jennifer Garcia,Individual,jennifer.garcia@email.com,555-4013,06/28/2021,Yes
CUST-1269,Patricia Brown,Individual,patricia.brown@email.com,555-7099,06/01/2021,Yes
CUST-1270,William Miller,Individual,william.miller@email.com,555-8384,08/11/2021,Yes
CUST-1271,Sunrise Cafe,Business,sunrise.cafe@business.com,555-4744,03/13/2021,Yes
CUST-1272,Susan Lopez,Individual,susan.lopez@email.com,555-4863,08/16/2021,Yes
CUST-1273,Jessica Johnson,Individual,jessica.johnson@email.com,555-4212,06/20/2021,Yes
CUST-1274,Sunrise Cafe,Business,sunrise.cafe@business.com,555-1159,05/04/2021,Yes
CUST-1275,Happy Catering,Business,happy.catering@business.com,555-9470,10/25/2021,Yes
CUST-1276,Jennifer Garcia,Individual,jennifer.garcia@email.com,555-5915,04/27/2021,Yes
CUST-1277,Jessica Johnson,Individual,jessica.johnson@email.com,555-1781,03/17/2021,Yes
CUST-1278,Susan Lopez,Individual,susan.lopez@email.com,555-1983,10/10/2021,Yes
CUST-1279,Michael Jones,Individual,michael.jones@email.com,555-2577,05/03/2021,Yes
CUST-1280,Jennifer Garcia,Individual,jennifer.garcia@email.com,555-6914,08/21/2021,Yes
CUST-1281,David Rodriguez,Individual,david.rodriguez@email.com,555-6638,08/23/2021,Yes
CUST-1282,Green Hotel,Business,green.hotel@business.com,555-4259,07/06/2021,Yes
CUST-1283,James Hernandez,Individual,james.hernandez@email.com,555-9821,02/03/2021,Yes
CUST-1284,Grand Grill,Business,grand.grill@business.com,555-6326,07/04/2021,Yes
CUST-1285,Linda Davis,Individual,linda.davis@email.com,555-2284,05/18/2021,Yes
CUST-1286,Michael Jones,Individual,michael.jones@email.com,555-3373,05/09/2021,Yes
CUST-1287,James Hernandez,Individual,james.hernandez@email.com,555-7911,07/13/2021,Yes
CUST-1288,Elizabeth Martinez,Individual,elizabeth.martinez@email.com,555-2168,06/08/2021,Yes
CUST-1289,Grand Grill,Business,grand.grill@business.com,555-6136,09/07/2021,Yes
CUST-1290,Michael Jones,Individual,michael.jones@email.com,555-5382,01/03/2021,Yes
CUST-1291,William Miller,Individual,william.miller@email.com,555-8289,08/16/2021,Yes
CUST-1292,Jennifer Garcia,Individual,jennifer.garcia@email.com,555-9535,03/07/2021,Yes
CUST-1293,William Miller,Individual,william.miller@email.com,555-4012,10/08/2021,Yes
CUST-1294,Robert Williams,Individual,robert.williams@email.com,555-5122,09/03/2021,Yes
CUST-1295,Susan Lopez,Individual,susan.lopez@email.com,555-4450,11/22/2021,Yes
CUST-1296,Green Hotel,Business,green.hotel@business.com,555-2045,11/14/2021,Yes
CUST-1297,Linda Davis,Individual,linda.davis@email.com,555-1881,03/27/2021,Yes
CUST-1298,Happy Catering,Business,happy.catering@business.com,555-2363,04/08/2021,Yes
CUST-1299,City Bistro,Business,city.bistro@business.com,555-2381,10/14/2021,Yes
CUST-1300,John Williams,Individual,john.williams@email.com,555-6068,06/16/2021,Yes
CUST-1301,Susan Lopez,Individual,susan.lopez@email.com,555-8260,08/09/2021,Yes
CUST-1302,Robert Williams,Individual,robert.williams@email.com,555-3795,04/07/2021,Yes
CUST-1303,Grand Grill,Business,grand.grill@business.com,555-8801,07/19/2021,Yes
CUST-1304,Jessica Johnson,Individual,jessica.johnson@email.com,555-5463,03/31/2021,Yes
CUST-1305,Robert Williams,Individual,robert.williams@email.com,555-9835,01/09/2021,Yes
CUST-1306,City Bistro,Business,city.bistro@business.com,555-8126,05/13/2021,Yes
CUST-1307,James Hernandez,Individual,james.hernandez@email.com,555-6073,04/03/2021,Yes
CUST-1308,Linda Davis,Individual,linda.davis@email.com,555-4721,03/31/2021,Yes
CUST-1309,Linda Davis,Individual,linda.davis@email.com,555-6992,07/28/2021,Yes
CUST-1310,Robert Williams,Individual,robert.williams@email.com,555-1172,07/30/2021,Yes
CUST-1311,Sunrise Cafe,Business,sunrise.cafe@business.com,555-5698,07/09/2021,Yes
CUST-1312,John Smith,Individual,john.smith@email.com,555-9059,01/14/2021,Yes
CUST-1313,Linda Davis,Individual,linda.davis@email.com,555-1149,08/01/2021,Yes
CUST-1314,Joseph Smith,Individual,joseph.smith@email.com,555-4788,08/05/2021,Yes
CUST-1315,David Rodriguez,Individual,david.rodriguez@email.com,555-4089,06/24/2021,Yes
CUST-1316,David Rodriguez,Individual,david.rodriguez@email.com,555-7467,05/23/2021,Yes
CUST-1317,Susan Lopez,Individual,susan.lopez@email.com,555-7385,02/05/2021,Yes
CUST-1318,Patricia Brown,Individual,patricia.brown@email.com,555-2297,08/20/2021,Yes
CUST-1319,Patricia Brown,Individual,patricia.brown@email.com,555-5454,04/12/2021,Yes
CUST-1320,Susan Lopez,Individual,susan.lopez@email.com,555-5404,04/04/2021,Yes
CUST-1321,Jessica Johnson,Individual,jessica.johnson@email.com,555-3988,11/27/2021,Yes
CUST-1322,Green Hotel,Business,green.hotel@business.com,555-8460,02/09/2021,Yes
CUST-1323,Michael Jones,Individual,michael.jones@email.com,555-9060,01/08/2021,Yes
CUST-1324,Green Hotel,Business,green.hotel@business.com,555-1813,10/16/2021,Yes
CUST-1325,John Smith,Individual,john.smith@email.com,555-2675,09/28/2021,Yes
CUST-1326,Robert Williams,Individual,robert.williams@email.com,555-1134,05/22/2021,Yes
CUST-1327,Robert Williams,Individual,robert.williams@email.com,555-9086,12/25/2021,Yes
CUST-1328,William Miller,Individual,william.miller@email.com,555-9165,07/26/2021,Yes
CUST-1329,Linda Davis,Individual,linda.davis@email.com,555-1519,01/10/2021,Yes
CUST-1330,Jessica Johnson,Individual,jessica.johnson@email.com,555-1918,10/19/2021,Yes
CUST-1331,William Miller,Individual,william.miller@email.com,555-9899,11/26/2021,Yes
CUST-1332,Patricia Brown,Individual,patricia.brown@email.com,555-7251,08/26/2021,Yes
CUST-1333,Mary Johnson,Individual,mary.johnson@email.com,555-5078,01/01/2021,Yes
CUST-1334,Linda Davis,Individual,linda.davis@email.com,555-1549,08/28/2021,Yes
CUST-1335,Green Hotel,Business,green.hotel@business.com,555-4415,04/10/2021,Yes
CUST-1336,James Hernandez,Individual,james.hernandez@email.com,555-6293,07/26/2021,Yes
CUST-1337,Green Hotel,Business,green.hotel@business.com,555-9534,03/26/2021,Yes
CUST-1338,Happy Catering,Business,happy.catering@business.com,555-5895,02/09/2021,Yes
CUST-1339,Green Hotel,Business,green.hotel@business.com,555-4568,01/25/2021,Yes
CUST-1340,Patricia Brown,Individual,patricia.brown@email.com,555-8113,02/11/2021,Yes
CUST-1341,Robert Williams,Individual,robert.williams@email.com,555-2960,08/13/2021,Yes
CUST-1342,Patricia Brown,Individual,patricia.brown@email.com,555-1688,12/28/2021,Yes
CUST-1343,Susan Lopez,Individual,susan.lopez@email.com,555-3539,05/03/2021,Yes
CUST-1344,Mary Johnson,Individual,mary.johnson@email.com,555-3583,08/27/2021,Yes
CUST-1345,James Hernandez,Individual,james.hernandez@email.com,555-6544,02/19/2021,Yes
CUST-1346,Joseph Smith,Individual,joseph.smith@email.com,555-1983,02/15/2021,Yes
CUST-1347,Sunrise Cafe,Business,sunrise.cafe@business.com,555-9787,01/07/2021,Yes
CUST-1348,Robert Williams,Individual,robert.williams@email.com,555-4812,04/27/2021,Yes
CUST-1349,David Rodriguez,Individual,david.rodriguez@email.com,555-6690,02/05/2021,Yes
CUST-1350,Linda Davis,Individual,linda.davis@email.com,555-1349,09/25/2021,Yes
CUST-1351,Jennifer Garcia,Individual,jennifer.garcia@email.com,555-5107,10/25/2021,Yes
CUST-1352,Linda Davis,Individual,linda.davis@email.com,555-8168,01/05/2021,Yes
CUST-1353,David Rodriguez,Individual,david.rodriguez@email.com,555-9029,01/10/2021,Yes
CUST-1354,Sunrise Cafe,Business,sunrise.cafe@business.com,555-6696,03/29/2021,Yes
CUST-1355,Linda Davis,Individual,linda.davis@email.com,555-3627,08/14/2021,Yes
CUST-1356,Sunrise Cafe,Business,sunrise.cafe@business.com,555-5844,05/16/2021,Yes
CUST-1357,David Rodriguez,Individual,david.rodriguez@email.com,555-8439,06/28/2021,Yes
CUST-1358,City Bistro,Business,city.bistro@business.com,555-4039,06/21/2021,Yes
CUST-1359,Elizabeth Martinez,Individual,elizabeth.martinez@email.com,555-4912,06/29/2021,Yes
CUST-1360,Mary Johnson,Individual,mary.johnson@email.com,555-9830,01/29/2021,Yes
CUST-1361,Patricia Brown,Individual,patricia.brown@email.com,555-9151,04/08/2021,Yes
CUST-1362,Robert Williams,Individual,robert.williams@email.com,555-5638,02/22/2021,Yes
CUST-1363,James Hernandez,Individual,james.hernandez@email.com,555-2809,07/21/2021,Yes
CUST-1364,Green Hotel,Business,green.hotel@business.com,555-3126,12/10/2021,Yes
CUST-1365,Green Hotel,Business,green.hotel@business.com,555-2753,09/20/2021,Yes
CUST-1366,Mary Johnson,Individual,mary.johnson@email.com,555-7366,12/16/2021,Yes
CUST-1367,David Rodriguez,Individual,david.rodriguez@email.com,555-5193,02/16/2021,Yes
CUST-1368,Sunrise Cafe,Business,sunrise.cafe@business.com,555-2161,02/25/2021,Yes
CUST-1369,Sunrise Cafe,Business,sunrise.cafe@business.com,555-9051,01/31/2021,Yes
CUST-1370,Jessica Johnson,Individual,jessica.johnson@email.com,555-8668,11/22/2021,Yes
CUST-1371,John Smith,Individual,john.smith@email.com,555-7814,07/01/2021,Yes
CUST-1372,Joseph Smith,Individual,joseph.smith@email.com,555-1955,01/04/2021,Yes
CUST-1373,Michael Jones,Individual,michael.jones@email.com,555-1666,04/06/2021,Yes
CUST-1374,Jessica Johnson,Individual,jessica.johnson@email.com,555-2276,07/30/2021,Yes
CUST-1375,David Rodriguez,Individual,david.rodriguez@email.com,555-2658,11/13/2021,Yes
CUST-1376,David Rodriguez,Individual,david.rodriguez@email.com,555-4104,06/18/2021,Yes
CUST-1377,Sunrise Cafe,Business,sunrise.cafe@business.com,555-3931,03/16/2021,Yes
CUST-1378,David Rodriguez,Individual,david.rodriguez@email.com,555-2728,06/03/2021,Yes
CUST-1379,Elizabeth Martinez,Individual,elizabeth.martinez@email.com,555-8515,07/02/2021,Yes
CUST-1380,William Miller,Individual,william.miller@email.com,555-3733,11/09/2021,Yes
CUST-1381,David Rodriguez,Individual,david.rodriguez@email.com,555-9268,06/10/2021,Yes
CUST-1382,Robert Williams,Individual,robert.williams@email.com,555-8258,04/03/2021,Yes
CUST-1383,John Williams,Individual,john.williams@email.com,555-6319,07/24/2021,Yes
CUST-1384,William Miller,Individual,william.miller@email.com,555-8054,02/11/2021,Yes
CUST-1385,Jennifer Garcia,Individual,jennifer.garcia@email.com,555-4943,02/24/2021,Yes
CUST-1386,Patricia Brown,Individual,patricia.brown@email.com,555-5162,06/23/2021,Yes
CUST-1387,Linda Davis,Individual,linda.davis@email.com,555-7505,05/17/2021,Yes
CUST-1388,Green Hotel,Business,green.hotel@business.com,555-1267,08/09/2021,Yes
CUST-1389,John Williams,Individual,john.williams@email.com,555-1107,07/31/2021,Yes
CUST-1390,Patricia Brown,Individual,patricia.brown@email.com,555-6159,09/14/2021,Yes
CUST-1391,Grand Grill,Business,grand.grill@business.com,555-9376,03/24/2021,Yes
CUST-1392,John Williams,Individual,john.williams@email.com,555-3534,03/15/2021,Yes
CUST-1393,Happy Catering,Business,happy.catering@business.com,555-3557,07/03/2021,Yes
CUST-1394,Grand Grill,Business,grand.grill@business.com,555-5093,03/09/2021,Yes
CUST-1395,Joseph Smith,Individual,joseph.smith@email.com,555-2505,08/01/2021,Yes
CUST-1396,Elizabeth Martinez,Individual,elizabeth.martinez@email.com,555-2264,09/12/2021,Yes
CUST-1397,Joseph Smith,Individual,joseph.smith@email.com,555-3832,04/29/2021,Yes
CUST-1398,John Williams,Individual,john.williams@email.com,555-2562,01/13/2021,Yes
CUST-1399,Michael Jones,Individual,michael.jones@email.com,555-7251,12/13/2021,Yes
CUST-1400,Green Hotel,Business,green.hotel@business.com,555-6700,07/14/2021,Yes
CUST-1401,William Miller,Individual,william.miller@email.com,555-2974,06/02/2021,Yes
CUST-1402,Patricia Brown,Individual,patricia.brown@email.com,555-1187,02/01/2021,Yes
CUST-1403,James Hernandez,Individual,james.hernandez@email.com,555-1886,06/20/2021,Yes
CUST-1404,John Smith,Individual,john.smith@email.com,555-9846,07/22/2021,Yes
CUST-1405,Jennifer Garcia,Individual,jennifer.garcia@email.com,555-4617,04/19/2021,Yes
CUST-1406,Happy Catering,Business,happy.catering@business.com,555-9269,05/18/2021,Yes
CUST-1407,Happy Catering,Business,happy.catering@business.com,555-7460,08/06/2021,Yes
CUST-1408,Grand Grill,Business,grand.grill@business.com,555-8796,11/20/2021,Yes
CUST-1409,John Smith,Individual,john.smith@email.com,555-7540,03/27/2021,Yes
CUST-1410,William Miller,Individual,william.miller@email.com,555-8118,04/20/2021,Yes
CUST-1411,Robert Williams,Individual,robert.williams@email.com,555-8879,10/24/2021,Yes
CUST-1412,Linda Davis,Individual,linda.davis@email.com,555-4212,06/13/2021,Yes
CUST-1413,Susan Lopez,Individual,susan.lopez@email.com,555-5034,04/08/2021,Yes
CUST-1414,Michael Jones,Individual,michael.jones@email.com,555-6298,05/26/2021,Yes
CUST-1415,Elizabeth Martinez,Individual,elizabeth.martinez@email.com,555-2843,11/17/2021,Yes
CUST-1416,William Miller,Individual,william.miller@email.com,555-6706,06/28/2021,Yes
CUST-1417,Grand Grill,Business,grand.grill@business.com,555-1396,03/03/2021,Yes
CUST-1418,Robert Williams,Individual,robert.williams@email.com,555-8245,07/06/2021,Yes
CUST-1419,Linda Davis,Individual,linda.davis@email.com,555-4825,12/10/2021,Yes
CUST-1420,Grand Grill,Business,grand.grill@business.com,555-2405,10/14/2021,Yes
CUST-1421,Green Hotel,Business,green.hotel@business.com,555-3419,08/30/2021,Yes
CUST-1422,Jessica Johnson,Individual,jessica.johnson@email.com,555-1225,08/07/2021,Yes
CUST-1423,Joseph Smith,Individual,joseph.smith@email.com,555-5999,11/06/2021,Yes
CUST-1424,John Smith,Individual,john.smith@email.com,555-4424,07/16/2021,Yes
CUST-1425,Patricia Brown,Individual,patricia.brown@email.com,555-9952,09/19/2021,Yes
CUST-1426,Michael Jones,Individual,michael.jones@email.com,555-8913,03/27/2021,Yes
CUST-1427,Robert Williams,Individual,robert.williams@email.com,555-1301,01/11/2021,Yes
CUST-1428,John Williams,Individual,john.williams@email.com,555-9631,01/27/2021,Yes
CUST-1429,Sunrise Cafe,Business,sunrise.cafe@business.com,555-5653,12/02/2021,Yes
CUST-1430,Susan Lopez,Individual,susan.lopez@email.com,555-5444,02/19/2021,Yes
CUST-1431,Green Hotel,Business,green.hotel@business.com,555-7367,11/28/2021,Yes
CUST-1432,James Hernandez,Individual,james.hernandez@email.com,555-6901,01/29/2021,Yes
CUST-1433,John Smith,Individual,john.smith@email.com,555-7332,08/05/2021,Yes
CUST-1434,William Miller,Individual,william.miller@email.com,555-2631,04/16/2021,Yes
CUST-1435,Linda Davis,Individual,linda.davis@email.com,555-9709,03/02/2021,Yes
CUST-1436,Sunrise Cafe,Business,sunrise.cafe@business.com,555-8503,04/20/2021,Yes
CUST-1437,Susan Lopez,Individual,susan.lopez@email.com,555-1651,12/21/2021,Yes
CUST-1438,David Rodriguez,Individual,david.rodriguez@email.com,555-6465,07/29/2021,Yes
CUST-1439,Susan Lopez,Individual,susan.lopez@email.com,555-1301,10/13/2021,Yes
CUST-1440,Jennifer Garcia,Individual,jennifer.garcia@email.com,555-5953,07/04/2021,Yes
CUST-1441,David Rodriguez,Individual,david.rodriguez@email.com,555-2015,08/13/2021,Yes
CUST-1442,John Williams,Individual,john.williams@email.com,555-1482,06/17/2021,Yes
CUST-1443,Michael Jones,Individual,michael.jones@email.com,555-3485,09/08/2021,Yes
CUST-1444,William Miller,Individual,william.miller@email.com,555-3248,01/30/2021,Yes
CUST-1445,Happy Catering,Business,happy.catering@business.com,555-4726,04/10/2021,Yes
CUST-1446,Elizabeth Martinez,Individual,elizabeth.martinez@email.com,555-7987,10/15/2021,Yes
CUST-1447,John Williams,Individual,john.williams@email.com,555-6395,02/26/2021,Yes
CUST-1448,Robert Williams,Individual,robert.williams@email.com,555-3270,09/18/2021,Yes
CUST-1449,James Hernandez,Individual,james.hernandez@email.com,555-3262,09/20/2021,Yes
CUST-1450,Susan Lopez,Individual,susan.lopez@email.com,555-3215,04/08/2021,Yes
CUST-1451,John Williams,Individual,john.williams@email.com,555-3589,10/19/2021,Yes
CUST-1452,David Rodriguez,Individual,david.rodriguez@email.com,555-2939,04/04/2021,Yes
CUST-1453,Sunrise Cafe,Business,sunrise.cafe@business.com,555-6221,12/17/2021,Yes
CUST-1454,William Miller,Individual,william.miller@email.com,555-5970,06/05/2021,Yes
CUST-1455,John Williams,Individual,john.williams@email.com,555-5485,02/09/2021,Yes
CUST-1456,Sunrise Cafe,Business,sunrise.cafe@business.com,555-3155,11/08/2021,Yes
CUST-1457,City Bistro,Business,city.bistro@business.com,555-5372,02/20/2021,Yes
CUST-1458,Elizabeth Martinez,Individual,elizabeth.martinez@email.com,555-4804,09/05/2021,Yes
CUST-1459,John Smith,Individual,john.smith@email.com,555-2302,07/02/2021,Yes
CUST-1460,Linda Davis,Individual,linda.davis@email.com,555-9230,10/25/2021,Yes
CUST-1461,Linda Davis,Individual,linda.davis@email.com,555-7126,01/02/2021,Yes
CUST-1462,Happy Catering,Business,happy.catering@business.com,555-8763,04/25/2021,Yes
CUST-1463,Sunrise Cafe,Business,sunrise.cafe@business.com,555-1528,09/08/2021,Yes
CUST-1464,John Smith,Individual,john.smith@email.com,555-7767,08/16/2021,Yes
CUST-1465,James Hernandez,Individual,james.hernandez@email.com,555-4351,09/20/2021,Yes
CUST-1466,Happy Catering,Business,happy.catering@business.com,555-9027,02/20/2021,Yes
CUST-1467,Jessica Johnson,Individual,jessica.johnson@email.com,555-5043,05/12/2021,Yes
CUST-1468,Joseph Smith,Individual,joseph.smith@email.com,555-7232,12/11/2021,Yes
CUST-1469,William Miller,Individual,william.miller@email.com,555-9784,02/22/2021,Yes
CUST-1470,John Williams,Individual,john.williams@email.com,555-1630,01/06/2021,Yes
CUST-1471,Linda Davis,Individual,linda.davis@email.com,555-1694,05/13/2021,Yes
CUST-1472,Patricia Brown,Individual,patricia.brown@email.com,555-9812,04/11/2021,Yes
CUST-1473,Susan Lopez,Individual,susan.lopez@email.com,555-7347,12/12/2021,Yes
CUST-1474,James Hernandez,Individual,james.hernandez@email.com,555-4110,12/07/2021,Yes
CUST-1475,William Miller,Individual,william.miller@email.com,555-5684,07/30/2021,Yes
CUST-1476,William Miller,Individual,william.miller@email.com,555-1893,08/04/2021,Yes
CUST-1477,John Williams,Individual,john.williams@email.com,555-8595,10/21/2021,Yes
CUST-1478,Linda Davis,Individual,linda.davis@email.com,555-9202,11/16/2021,Yes
CUST-1479,City Bistro,Business,city.bistro@business.com,555-9952,01/10/2021,Yes
CUST-1480,Happy Catering,Business,happy.catering@business.com,555-8387,07/20/2021,Yes
CUST-1481,Happy Catering,Business,happy.catering@business.com,555-4308,03/05/2021,Yes
CUST-1482,Mary Johnson,Individual,mary.johnson@email.com,555-6309,08/26/2021,Yes
CUST-1483,John Williams,Individual,john.williams@email.com,555-3686,01/02/2021,Yes
CUST-1484,Mary Johnson,Individual,mary.johnson@email.com,555-2870,11/16/2021,Yes
CUST-1485,James Hernandez,Individual,james.hernandez@email.com,555-2397,06/30/2021,Yes
CUST-1486,William Miller,Individual,william.miller@email.com,555-3619,04/15/2021,Yes
CUST-1487,William Miller,Individual,william.miller@email.com,555-3799,12/10/2021,Yes
CUST-1488,Elizabeth Martinez,Individual,elizabeth.martinez@email.com,555-3459,01/29/2021,Yes
CUST-1489,Sunrise Cafe,Business,sunrise.cafe@business.com,555-1840,10/02/2021,Yes
CUST-1490,Michael Jones,Individual,michael.jones@email.com,555-5731,05/18/2021,Yes
CUST-1491,Mary Johnson,Individual,mary.johnson@email.com,555-4323,10/26/2021,Yes
CUST-1492,Grand Grill,Business,grand.grill@business.com,555-8514,12/26/2021,Yes
CUST-1493,Linda Davis,Individual,linda.davis@email.com,555-1094,03/29/2021,Yes
CUST-1494,Linda Davis,Individual,linda.davis@email.com,555-4553,09/02/2021,Yes
CUST-1495,Linda Davis,Individual,linda.davis@email.com,555-7719,05/14/2021,Yes
CUST-1496,Elizabeth Martinez,Individual,elizabeth.martinez@email.com,555-1107,02/28/2021,Yes
CUST-1497,David Rodriguez,Individual,david.rodriguez@email.com,555-4401,08/12/2021,Yes
CUST-1498,Sunrise Cafe,Business,sunrise.cafe@business.com,555-6718,12/04/2021,Yes
CUST-1499,Green Hotel,Business,green.hotel@business.com,555-5889,01/25/2021,Yes
CUST-1500,Mary Johnson,Individual,mary.johnson@email.com,555-2784,12/07/2021,Yes
CUST-1501,Robert Williams,Individual,robert.williams@email.com,555-5659,10/11/2021,Yes
CUST-1502,Susan Lopez,Individual,susan.lopez@email.com,555-3906,01/08/2021,Yes
CUST-1503,Susan Lopez,Individual,susan.lopez@email.com,555-6901,03/11/2021,Yes
CUST-1504,Mary Johnson,Individual,mary.johnson@email.com,555-6289,08/01/2021,Yes
CUST-1505,William Miller,Individual,william.miller@email.com,555-8001,11/28/2021,Yes
CUST-1506,Mary Johnson,Individual,mary.johnson@email.com,555-8713,08/05/2021,Yes
CUST-1507,Grand Grill,Business,grand.grill@business.com,555-9635,07/17/2021,Yes
CUST-1508,Patricia Brown,Individual,patricia.brown@email.com,555-4425,01/10/2021,Yes
CUST-1509,Mary Johnson,Individual,mary.johnson@email.com,555-9666,03/15/2021,Yes
CUST-1510,Linda Davis,Individual,linda.davis@email.com,555-5705,01/14/2021,Yes
CUST-1511,Jessica Johnson,Individual,jessica.johnson@email.com,555-5254,07/23/2021,Yes
CUST-1512,Elizabeth Martinez,Individual,elizabeth.martinez@email.com,555-3125,07/04/2021,Yes
CUST-1513,Linda Davis,Individual,linda.davis@email.com,555-9154,04/10/2021,Yes
CUST-1514,Robert Williams,Individual,robert.williams@email.com,555-4812,02/23/2021,Yes
CUST-1515,Patricia Brown,Individual,patricia.brown@email.com,555-2936,01/01/2022,Yes
CUST-1516,Green Hotel,Business,green.hotel@business.com,555-7793,09/17/2021,Yes
CUST-1517,Jennifer Garcia,Individual,jennifer.garcia@email.com,555-4478,07/06/2021,Yes
CUST-1518,Sunrise Cafe,Business,sunrise.cafe@business.com,555-5614,01/13/2021,Yes
CUST-1519,Mary Johnson,Individual,mary.johnson@email.com,555-5919,07/28/2021,Yes
CUST-1520,Jennifer Garcia,Individual,jennifer.garcia@email.com,555-2865,12/29/2021,Yes
CUST-1521,Jennifer Garcia,Individual,jennifer.garcia@email.com,555-1477,06/13/2021,Yes
CUST-1522,Patricia Brown,Individual,patricia.brown@email.com,555-6536,07/16/2021,Yes
CUST-1523,Linda Davis,Individual,linda.davis@email.com,555-1582,05/04/2021,Yes
CUST-1524,Linda Davis,Individual,linda.davis@email.com,555-8546,10/14/2021,Yes
CUST-1525,David Rodriguez,Individual,david.rodriguez@email.com,555-8577,07/14/2021,Yes
CUST-1526,William Miller,Individual,william.miller@email.com,555-9537,12/04/2021,Yes
CUST-1527,Susan Lopez,Individual,susan.lopez@email.com,555-6169,01/19/2021,Yes
CUST-1528,John Smith,Individual,john.smith@email.com,555-6434,09/17/2021,Yes
CUST-1529,John Williams,Individual,john.williams@email.com,555-2084,07/04/2021,Yes
CUST-1530,Michael Jones,Individual,michael.jones@email.com,555-6556,12/17/2021,Yes
CUST-1531,James Hernandez,Individual,james.hernandez@email.com,555-3719,04/03/2021,Yes
CUST-1532,William Miller,Individual,william.miller@email.com,555-2914,09/28/2021,Yes
CUST-1533,Joseph Smith,Individual,joseph.smith@email.com,555-6152,07/28/2021,Yes
CUST-1534,Michael Jones,Individual,michael.jones@email.com,555-2422,06/04/2021,Yes
CUST-1535,Patricia Brown,Individual,patricia.brown@email.com,555-8404,06/25/2021,Yes
CUST-1536,Michael Jones,Individual,michael.jones@email.com,555-9603,09/13/2021,Yes
CUST-1537,Mary Johnson,Individual,mary.johnson@email.com,555-1612,06/24/2021,Yes
CUST-1538,John Williams,Individual,john.williams@email.com,555-8270,11/15/2021,Yes
CUST-1539,Joseph Smith,Individual,joseph.smith@email.com,555-9192,04/29/2021,Yes
CUST-1540,Grand Grill,Business,grand.grill@business.com,555-9579,04/29/2021,Yes
CUST-1541,Jennifer Garcia,Individual,jennifer.garcia@email.com,555-2609,10/20/2021,Yes
CUST-1542,David Rodriguez,Individual,david.rodriguez@email.com,555-3174,01/20/2021,Yes
CUST-1543,John Smith,Individual,john.smith@email.com,555-7350,05/11/2021,Yes
CUST-1544,David Rodriguez,Individual,david.rodriguez@email.com,555-1067,11/03/2021,Yes
CUST-1545,John Smith,Individual,john.smith@email.com,555-2426,01/15/2021,Yes
CUST-1546,John Williams,Individual,john.williams@email.com,555-2689,12/09/2021,Yes
CUST-1547,James Hernandez,Individual,james.hernandez@email.com,555-1368,07/26/2021,Yes
CUST-1548,Michael Jones,Individual,michael.jones@email.com,555-4438,02/08/2021,Yes
CUST-1549,Patricia Brown,Individual,patricia.brown@email.com,555-5532,08/08/2021,Yes
CUST-1550,Joseph Smith,Individual,joseph.smith@email.com,555-2927,05/21/2021,Yes
CUST-1551,Robert Williams,Individual,robert.williams@email.com,555-2875,08/14/2021,Yes
CUST-1552,City Bistro,Business,city.bistro@business.com,555-9422,03/21/2021,Yes
CUST-1553,City Bistro,Business,city.bistro@business.com,555-6218,07/06/2021,Yes
CUST-1554,Susan Lopez,Individual,susan.lopez@email.com,555-5011,08/09/2021,Yes
CUST-1555,Grand Grill,Business,grand.grill@business.com,555-6549,02/22/2021,Yes
CUST-1556,John Smith,Individual,john.smith@email.com,555-1475,10/27/2021,Yes
CUST-1557,James Hernandez,Individual,james.hernandez@email.com,555-2735,12/07/2021,Yes
CUST-1558,Mary Johnson,Individual,mary.johnson@email.com,555-7421,05/28/2021,Yes
CUST-1559,City Bistro,Business,city.bistro@business.com,555-8304,03/04/2021,Yes
CUST-1560,Michael Jones,Individual,michael.jones@email.com,555-4246,07/15/2021,Yes
CUST-1561,James Hernandez,Individual,james.hernandez@email.com,555-2286,04/03/2021,Yes
CUST-1562,Joseph Smith,Individual,joseph.smith@email.com,555-3159,05/08/2021,Yes
CUST-1563,Happy Catering,Business,happy.catering@business.com,555-8464,11/13/2021,Yes
CUST-1564,James Hernandez,Individual,james.hernandez@email.com,555-8625,01/03/2021,Yes
CUST-1565,Patricia Brown,Individual,patricia.brown@email.com,555-5227,10/20/2021,Yes
CUST-1566,William Miller,Individual,william.miller@email.com,555-6412,09/30/2021,Yes
CUST-1567,John Williams,Individual,john.williams@email.com,555-8426,07/19/2021,Yes
CUST-1568,Mary Johnson,Individual,mary.johnson@email.com,555-2849,05/03/2021,Yes
CUST-1569,Linda Davis,Individual,linda.davis@email.com,555-5624,10/06/2021,Yes
CUST-1570,Elizabeth Martinez,Individual,elizabeth.martinez@email.com,555-3087,03/13/2021,Yes
CUST-1571,William Miller,Individual,william.miller@email.com,555-2752,01/01/2021,Yes
CUST-1572,James Hernandez,Individual,james.hernandez@email.com,555-5949,11/26/2021,Yes
CUST-1573,William Miller,Individual,william.miller@email.com,555-7773,03/05/2021,Yes
CUST-1574,Patricia Brown,Individual,patricia.brown@email.com,555-3605,03/27/2021,Yes
CUST-1575,William Miller,Individual,william.miller@email.com,555-6582,11/29/2021,Yes
CUST-1576,Susan Lopez,Individual,susan.lopez@email.com,555-8063,03/05/2021,Yes
CUST-1577,William Miller,Individual,william.miller@email.com,555-6606,03/17/2021,Yes
CUST-1578,Patricia Brown,Individual,patricia.brown@email.com,555-2276,10/05/2021,Yes
CUST-1579,Susan Lopez,Individual,susan.lopez@email.com,555-8972,03/14/2021,Yes
CUST-1580,City Bistro,Business,city.bistro@business.com,555-6330,05/09/2021,Yes
CUST-1581,Jessica Johnson,Individual,jessica.johnson@email.com,555-3886,05/19/2021,Yes
CUST-1582,William Miller,Individual,william.miller@email.com,555-2781,11/27/2021,Yes
CUST-1583,Elizabeth Martinez,Individual,elizabeth.martinez@email.com,555-6364,06/21/2021,Yes
CUST-1584,James Hernandez,Individual,james.hernandez@email.com,555-2483,12/01/2021,Yes
CUST-1585,Robert Williams,Individual,robert.williams@email.com,555-1003,03/10/2021,Yes
CUST-1586,James Hernandez,Individual,james.hernandez@email.com,555-8421,10/17/2021,Yes
CUST-1587,William Miller,Individual,william.miller@email.com,555-8326,02/20/2021,Yes
CUST-1588,Grand Grill,Business,grand.grill@business.com,555-5989,08/01/2021,Yes
CUST-1589,John Williams,Individual,john.williams@email.com,555-6640,05/24/2021,Yes
CUST-1590,Elizabeth Martinez,Individual,elizabeth.martinez@email.com,555-9362,12/28/2021,Yes
CUST-1591,Robert Williams,Individual,robert.williams@email.com,555-2022,08/04/2021,Yes
CUST-1592,David Rodriguez,Individual,david.rodriguez@email.com,555-1013,12/05/2021,Yes
CUST-1593,Jessica Johnson,Individual,jessica.johnson@email.com,555-2797,07/02/2021,Yes
CUST-1594,Jessica Johnson,Individual,jessica.johnson@email.com,555-4854,12/17/2021,Yes
CUST-1595,Elizabeth Martinez,Individual,elizabeth.martinez@email.com,555-6212,06/14/2021,Yes
CUST-1596,William Miller,Individual,william.miller@email.com,555-8130,06/20/2021,Yes
CUST-1597,James Hernandez,Individual,james.hernandez@email.com,555-8780,10/05/2021,Yes
CUST-1598,City Bistro,Business,city.bistro@business.com,555-6902,06/19/2021,Yes
CUST-1599,Robert Williams,Individual,robert.williams@email.com,555-3056,08/07/2021,Yes
CUST-1600,Green Hotel,Business,green.hotel@business.com,555-1257,02/04/2021,Yes
CUST-1601,Happy Catering,Business,happy.catering@business.com,555-8155,01/30/2021,Yes
CUST-1602,Robert Williams,Individual,robert.williams@email.com,555-3248,11/19/2021,Yes
CUST-1603,William Miller,Individual,william.miller@email.com,555-7974,05/13/2021,Yes
CUST-1604,Linda Davis,Individual,linda.davis@email.com,555-7948,04/16/2021,Yes
CUST-1605,Linda Davis,Individual,linda.davis@email.com,555-6821,06/19/2021,Yes
CUST-1606,William Miller,Individual,william.miller@email.com,555-1121,02/26/2021,Yes
CUST-1607,Jessica Johnson,Individual,jessica.johnson@email.com,555-9220,09/02/2021,Yes
CUST-1608,John Williams,Individual,john.williams@email.com,555-7012,03/28/2021,Yes
CUST-1609,Green Hotel,Business,green.hotel@business.com,555-8917,03/17/2021,Yes
CUST-1610,Mary Johnson,Individual,mary.johnson@email.com,555-8889,03/10/2021,Yes
CUST-1611,Mary Johnson,Individual,mary.johnson@email.com,555-9624,10/21/2021,Yes
CUST-1612,Joseph Smith,Individual,joseph.smith@email.com,555-8617,08/11/2021,Yes
CUST-1613,David Rodriguez,Individual,david.rodriguez@email.com,555-2449,02/23/2021,Yes
CUST-1614,James Hernandez,Individual,james.hernandez@email.com,555-2279,01/27/2021,Yes
CUST-1615,David Rodriguez,Individual,david.rodriguez@email.com,555-6119,03/11/2021,Yes
CUST-1616,John Williams,Individual,john.williams@email.com,555-9765,07/10/2021,Yes
CUST-1617,Linda Davis,Individual,linda.davis@email.com,555-9399,05/14/2021,Yes
CUST-1618,Elizabeth Martinez,Individual,elizabeth.martinez@email.com,555-7897,07/16/2021,Yes
CUST-1619,Joseph Smith,Individual,joseph.smith@email.com,555-5738,08/04/2021,Yes
CUST-1620,City Bistro,Business,city.bistro@business.com,555-5267,07/30/2021,Yes
CUST-1621,Happy Catering,Business,happy.catering@business.com,555-3770,03/11/2021,Yes
CUST-1622,James Hernandez,Individual,james.hernandez@email.com,555-1447,08/05/2021,Yes
CUST-1623,Mary Johnson,Individual,mary.johnson@email.com,555-9283,10/29/2021,Yes
CUST-1624,Grand Grill,Business,grand.grill@business.com,555-3171,08/25/2021,Yes
CUST-1625,Michael Jones,Individual,michael.jones@email.com,555-1232,08/23/2021,Yes
CUST-1626,Elizabeth Martinez,Individual,elizabeth.martinez@email.com,555-3476,10/04/2021,Yes
CUST-1627,Jennifer Garcia,Individual,jennifer.garcia@email.com,555-5280,10/04/2021,Yes
CUST-1628,Patricia Brown,Individual,patricia.brown@email.com,555-3962,04/28/2021,Yes
CUST-1629,Jessica Johnson,Individual,jessica.johnson@email.com,555-6617,12/16/2021,Yes
CUST-1630,Robert Williams,Individual,robert.williams@email.com,555-3525,03/03/2021,Yes
CUST-1631,Joseph Smith,Individual,joseph.smith@email.com,555-7277,06/04/2021,Yes
CUST-1632,Linda Davis,Individual,linda.davis@email.com,555-3740,02/09/2021,Yes
CUST-1633,Susan Lopez,Individual,susan.lopez@email.com,555-1890,07/09/2021,Yes
CUST-1634,Joseph Smith,Individual,joseph.smith@email.com,555-1860,11/03/2021,Yes
CUST-1635,Happy Catering,Business,happy.catering@business.com,555-5937,05/03/2021,Yes
CUST-1636,Joseph Smith,Individual,joseph.smith@email.com,555-4828,04/04/2021,Yes
CUST-1637,Susan Lopez,Individual,susan.lopez@email.com,555-8775,06/16/2021,Yes
CUST-1638,David Rodriguez,Individual,david.rodriguez@email.com,555-1194,05/24/2021,Yes
CUST-1639,Joseph Smith,Individual,joseph.smith@email.com,555-7258,05/17/2021,Yes
CUST-1640,David Rodriguez,Individual,david.rodriguez@email.com,555-1672,01/17/2021,Yes
CUST-1641,City Bistro,Business,city.bistro@business.com,555-6797,02/09/2021,Yes
CUST-1642,William Miller,Individual,william.miller@email.com,555-5466,02/23/2021,Yes
CUST-1643,Michael Jones,Individual,michael.jones@email.com,555-5183,11/12/2021,Yes
CUST-1644,William Miller,Individual,william.miller@email.com,555-4961,05/10/2021,Yes
CUST-1645,Elizabeth Martinez,Individual,elizabeth.martinez@email.com,555-9518,09/24/2021,Yes
CUST-1646,Susan Lopez,Individual,susan.lopez@email.com,555-6132,10/01/2021,Yes
CUST-1647,James Hernandez,Individual,james.hernandez@email.com,555-2113,12/28/2021,Yes
CUST-1648,Green Hotel,Business,green.hotel@business.com,555-2702,04/08/2021,Yes
CUST-1649,Jennifer Garcia,Individual,jennifer.garcia@email.com,555-5641,09/11/2021,Yes
CUST-1650,John Smith,Individual,john.smith@email.com,555-2506,12/20/2021,Yes
CUST-1651,City Bistro,Business,city.bistro@business.com,555-4552,01/30/2021,Yes
CUST-1652,James Hernandez,Individual,james.hernandez@email.com,555-2965,10/31/2021,Yes
CUST-1653,City Bistro,Business,city.bistro@business.com,555-7159,10/27/2021,Yes
CUST-1654,John Williams,Individual,john.williams@email.com,555-4027,02/04/2021,Yes
CUST-1655,Susan Lopez,Individual,susan.lopez@email.com,555-5150,09/29/2021,Yes
CUST-1656,James Hernandez,Individual,james.hernandez@email.com,555-8429,11/24/2021,Yes
CUST-1657,Michael Jones,Individual,michael.jones@email.com,555-6298,05/28/2021,Yes
CUST-1658,Joseph Smith,Individual,joseph.smith@email.com,555-5543,11/25/2021,Yes
CUST-1659,William Miller,Individual,william.miller@email.com,555-6450,06/17/2021,Yes
CUST-1660,Michael Jones,Individual,michael.jones@email.com,555-3915,08/19/2021,Yes
CUST-1661,Linda Davis,Individual,linda.davis@email.com,555-7432,09/21/2021,Yes
CUST-1662,Happy Catering,Business,happy.catering@business.com,555-3357,11/07/2021,Yes
CUST-1663,William Miller,Individual,william.miller@email.com,555-2740,09/12/2021,Yes
CUST-1664,Susan Lopez,Individual,susan.lopez@email.com,555-2692,08/22/2021,Yes
CUST-1665,Green Hotel,Business,green.hotel@business.com,555-5105,03/15/2021,Yes
CUST-1666,John Smith,Individual,john.smith@email.com,555-3438,04/22/2021,Yes
CUST-1667,John Smith,Individual,john.smith@email.com,555-7397,12/13/2021,Yes
CUST-1668,Susan Lopez,Individual,susan.lopez@email.com,555-7411,07/17/2021,Yes
CUST-1669,David Rodriguez,Individual,david.rodriguez@email.com,555-9039,01/04/2021,Yes
CUST-1670,William Miller,Individual,william.miller@email.com,555-9849,11/27/2021,Yes
CUST-1671,William Miller,Individual,william.miller@email.com,555-8898,01/14/2021,Yes
CUST-1672,City Bistro,Business,city.bistro@business.com,555-6463,07/02/2021,Yes
CUST-1673,William Miller,Individual,william.miller@email.com,555-2485,12/04/2021,Yes
CUST-1674,Jessica Johnson,Individual,jessica.johnson@email.com,555-2318,07/11/2021,Yes
CUST-1675,Joseph Smith,Individual,joseph.smith@email.com,555-4327,08/06/2021,Yes
CUST-1676,Green Hotel,Business,green.hotel@business.com,555-4129,06/19/2021,Yes
CUST-1677,William Miller,Individual,william.miller@email.com,555-6886,11/08/2021,Yes
CUST-1678,John Williams,Individual,john.williams@email.com,555-8175,02/12/2021,Yes
CUST-1679,Robert Williams,Individual,robert.williams@email.com,555-4163,12/14/2021,Yes
CUST-1680,City Bistro,Business,city.bistro@business.com,555-9015,09/01/2021,Yes
CUST-1681,Joseph Smith,Individual,joseph.smith@email.com,555-6041,03/31/2021,Yes
CUST-1682,Jessica Johnson,Individual,jessica.johnson@email.com,555-1268,05/16/2021,Yes
CUST-1683,Green Hotel,Business,green.hotel@business.com,555-1701,07/13/2021,Yes
CUST-1684,Patricia Brown,Individual,patricia.brown@email.com,555-9570,02/01/2021,Yes
CUST-1685,James Hernandez,Individual,james.hernandez@email.com,555-3440,04/02/2021,Yes
CUST-1686,Patricia Brown,Individual,patricia.brown@email.com,555-1604,11/26/2021,Yes
CUST-1687,Linda Davis,Individual,linda.davis@email.com,555-1312,02/01/2021,Yes
CUST-1688,John Williams,Individual,john.williams@email.com,555-1750,02/19/2021,Yes
CUST-1689,James Hernandez,Individual,james.hernandez@email.com,555-1235,10/27/2021,Yes
CUST-1690,Green Hotel,Business,green.hotel@business.com,555-2594,07/28/2021,Yes
CUST-1691,Robert Williams,Individual,robert.williams@email.com,555-2047,03/05/2021,Yes
CUST-1692,Mary Johnson,Individual,mary.johnson@email.com,555-9145,11/04/2021,Yes
CUST-1693,Elizabeth Martinez,Individual,elizabeth.martinez@email.com,555-2033,09/11/2021,Yes
CUST-1694,William Miller,Individual,william.miller@email.com,555-7586,07/13/2021,Yes
CUST-1695,James Hernandez,Individual,james.hernandez@email.com,555-9943,03/13/2021,Yes
CUST-1696,Sunrise Cafe,Business,sunrise.cafe@business.com,555-3841,12/09/2021,Yes
CUST-1697,Mary Johnson,Individual,mary.johnson@email.com,555-3314,08/14/2021,Yes
CUST-1698,Robert Williams,Individual,robert.williams@email.com,555-7060,01/10/2021,Yes
CUST-1699,Linda Davis,Individual,linda.davis@email.com,555-1666,08/30/2021,Yes
CUST-1700,City Bistro,Business,city.bistro@business.com,555-3584,06/23/2021,Yes
CUST-1701,Happy Catering,Business,happy.catering@business.com,555-1104,11/21/2021,Yes
CUST-1702,Green Hotel,Business,green.hotel@business.com,555-5648,01/05/2021,Yes
CUST-1703,Joseph Smith,Individual,joseph.smith@email.com,555-3079,05/03/2021,Yes
CUST-1704,James Hernandez,Individual,james.hernandez@email.com,555-9570,08/16/2021,Yes
CUST-1705,Patricia Brown,Individual,patricia.brown@email.com,555-1616,10/04/2021,Yes
CUST-1706,Susan Lopez,Individual,susan.lopez@email.com,555-2442,04/21/2021,Yes
CUST-1707,Joseph Smith,Individual,joseph.smith@email.com,555-6699,07/31/2021,Yes
CUST-1708,David Rodriguez,Individual,david.rodriguez@email.com,555-4144,09/03/2021,Yes
CUST-1709,City Bistro,Business,city.bistro@business.com,555-6929,11/14/2021,Yes
CUST-1710,David Rodriguez,Individual,david.rodriguez@email.com,555-4592,04/17/2021,Yes
CUST-1711,James Hernandez,Individual,james.hernandez@email.com,555-4409,01/29/2021,Yes
CUST-1712,Patricia Brown,Individual,patricia.brown@email.com,555-3444,11/05/2021,Yes
CUST-1713,John Williams,Individual,john.williams@email.com,555-9151,05/04/2021,Yes
CUST-1714,Green Hotel,Business,green.hotel@business.com,555-6966,12/05/2021,Yes
CUST-1715,William Miller,Individual,william.miller@email.com,555-6477,08/26/2021,Yes
CUST-1716,John Williams,Individual,john.williams@email.com,555-1709,05/14/2021,Yes
CUST-1717,Green Hotel,Business,green.hotel@business.com,555-3881,04/01/2021,Yes
CUST-1718,Green Hotel,Business,green.hotel@business.com,555-9436,04/28/2021,Yes
CUST-1719,Sunrise Cafe,Business,sunrise.cafe@business.com,555-6340,05/19/2021,Yes
CUST-1720,Susan Lopez,Individual,susan.lopez@email.com,555-6336,01/20/2021,Yes
CUST-1721,Mary Johnson,Individual,mary.johnson@email.com,555-4731,07/19/2021,Yes
CUST-1722,Happy Catering,Business,happy.catering@business.com,555-7152,09/21/2021,Yes
CUST-1723,Mary Johnson,Individual,mary.johnson@email.com,555-8936,05/05/2021,Yes
CUST-1724,Happy Catering,Business,happy.catering@business.com,555-4541,10/19/2021,Yes
CUST-1725,Linda Davis,Individual,linda.davis@email.com,555-7346,10/02/2021,Yes
CUST-1726,Linda Davis,Individual,linda.davis@email.com,555-6875,09/24/2021,Yes
CUST-1727,Patricia Brown,Individual,patricia.brown@email.com,555-3084,07/14/2021,Yes
CUST-1728,City Bistro,Business,city.bistro@business.com,555-5597,12/02/2021,Yes
CUST-1729,Happy Catering,Business,happy.catering@business.com,555-7852,05/12/2021,Yes
CUST-1730,Grand Grill,Business,grand.grill@business.com,555-5835,09/11/2021,Yes
CUST-1731,Joseph Smith,Individual,joseph.smith@email.com,555-3784,02/09/2021,Yes
CUST-1732,David Rodriguez,Individual,david.rodriguez@email.com,555-2416,09/06/2021,Yes
CUST-1733,David Rodriguez,Individual,david.rodriguez@email.com,555-4546,04/26/2021,Yes
CUST-1734,Jessica Johnson,Individual,jessica.johnson@email.com,555-5573,05/10/2021,Yes
CUST-1735,Happy Catering,Business,happy.catering@business.com,555-5060,08/28/2021,Yes
CUST-1736,Elizabeth Martinez,Individual,elizabeth.martinez@email.com,555-3440,09/10/2021,Yes
CUST-1737,John Williams,Individual,john.williams@email.com,555-7844,12/30/2021,Yes
CUST-1738,John Smith,Individual,john.smith@email.com,555-9261,05/06/2021,Yes
CUST-1739,City Bistro,Business,city.bistro@business.com,555-8852,06/14/2021,Yes
CUST-1740,Susan Lopez,Individual,susan.lopez@email.com,555-8412,11/12/2021,Yes
CUST-1741,Mary Johnson,Individual,mary.johnson@email.com,555-1203,03/22/2021,Yes
CUST-1742,William Miller,Individual,william.miller@email.com,555-3174,09/12/2021,Yes
CUST-1743,Patricia Brown,Individual,patricia.brown@email.com,555-2486,02/04/2021,Yes
CUST-1744,Grand Grill,Business,grand.grill@business.com,555-8524,10/11/2021,Yes
CUST-1745,Susan Lopez,Individual,susan.lopez@email.com,555-1399,03/09/2021,Yes
CUST-1746,Linda Davis,Individual,linda.davis@email.com,555-7641,10/23/2021,Yes
CUST-1747,Grand Grill,Business,grand.grill@business.com,555-8607,02/15/2021,Yes
CUST-1748,John Smith,Individual,john.smith@email.com,555-2158,02/14/2021,Yes
CUST-1749,Susan Lopez,Individual,susan.lopez@email.com,555-9698,07/15/2021,Yes
CUST-1750,Happy Catering,Business,happy.catering@business.com,555-9887,08/16/2021,Yes
CUST-1751,Patricia Brown,Individual,patricia.brown@email.com,555-2326,01/16/2021,Yes
CUST-1752,Jennifer Garcia,Individual,jennifer.garcia@email.com,555-9433,12/04/2021,Yes
CUST-1753,James Hernandez,Individual,james.hernandez@email.com,555-1844,06/29/2021,Yes
CUST-1754,Grand Grill,Business,grand.grill@business.com,555-1669,05/08/2021,Yes
CUST-1755,Robert Williams,Individual,robert.williams@email.com,555-2097,02/04/2021,Yes
CUST-1756,Joseph Smith,Individual,joseph.smith@email.com,555-3267,09/19/2021,Yes
CUST-1757,Patricia Brown,Individual,patricia.brown@email.com,555-2860,03/31/2021,Yes
CUST-1758,Susan Lopez,Individual,susan.lopez@email.com,555-4437,03/10/2021,Yes
CUST-1759,Joseph Smith,Individual,joseph.smith@email.com,555-6250,09/08/2021,Yes
CUST-1760,Michael Jones,Individual,michael.jones@email.com,555-7929,04/19/2021,Yes
CUST-1761,Mary Johnson,Individual,mary.johnson@email.com,555-6656,06/25/2021,Yes
CUST-1762,David Rodriguez,Individual,david.rodriguez@email.com,555-3010,04/07/2021,Yes
CUST-1763,David Rodriguez,Individual,david.rodriguez@email.com,555-9730,01/19/2021,Yes
CUST-1764,Linda Davis,Individual,linda.davis@email.com,555-7031,02/18/2021,Yes
CUST-1765,Susan Lopez,Individual,susan.lopez@email.com,555-4085,11/29/2021,Yes
CUST-1766,Linda Davis,Individual,linda.davis@email.com,555-2313,11/18/2021,Yes
CUST-1767,Robert Williams,Individual,robert.williams@email.com,555-2260,08/07/2021,Yes
CUST-1768,Grand Grill,Business,grand.grill@business.com,555-3424,11/05/2021,Yes
CUST-1769,Jessica Johnson,Individual,jessica.johnson@email.com,555-9530,09/19/2021,Yes
CUST-1770,John Smith,Individual,john.smith@email.com,555-7824,08/04/2021,Yes
CUST-1771,David Rodriguez,Individual,david.rodriguez@email.com,555-8764,10/26/2021,Yes
CUST-1772,Linda Davis,Individual,linda.davis@email.com,555-1351,02/05/2021,Yes
CUST-1773,Mary Johnson,Individual,mary.johnson@email.com,555-4806,12/21/2021,Yes
CUST-1774,David Rodriguez,Individual,david.rodriguez@email.com,555-6503,02/05/2021,Yes
CUST-1775,Jennifer Garcia,Individual,jennifer.garcia@email.com,555-6346,01/31/2021,Yes
CUST-1776,James Hernandez,Individual,james.hernandez@email.com,555-9686,01/10/2021,Yes
CUST-1777,Linda Davis,Individual,linda.davis@email.com,555-5982,05/12/2021,Yes
CUST-1778,John Williams,Individual,john.williams@email.com,555-3813,07/29/2021,Yes
CUST-1779,Patricia Brown,Individual,patricia.brown@email.com,555-7093,04/29/2021,Yes
CUST-1780,Joseph Smith,Individual,joseph.smith@email.com,555-3430,12/08/2021,Yes
CUST-1781,Linda Davis,Individual,linda.davis@email.com,555-3634,10/08/2021,Yes
CUST-1782,Michael Jones,Individual,michael.jones@email.com,555-3873,09/30/2021,Yes
CUST-1783,Susan Lopez,Individual,susan.lopez@email.com,555-3514,01/25/2021,Yes
CUST-1784,Green Hotel,Business,green.hotel@business.com,555-6187,12/11/2021,Yes
CUST-1785,Linda Davis,Individual,linda.davis@email.com,555-7056,08/21/2021,Yes
CUST-1786,City Bistro,Business,city.bistro@business.com,555-1568,01/04/2021,Yes
CUST-1787,Jennifer Garcia,Individual,jennifer.garcia@email.com,555-7109,10/18/2021,Yes
CUST-1788,Robert Williams,Individual,robert.williams@email.com,555-5940,04/03/2021,Yes
CUST-1789,Green Hotel,Business,green.hotel@business.com,555-9182,06/08/2021,Yes
CUST-1790,Linda Davis,Individual,linda.davis@email.com,555-3556,07/22/2021,Yes
CUST-1791,City Bistro,Business,city.bistro@business.com,555-6427,04/17/2021,Yes
CUST-1792,Michael Jones,Individual,michael.jones@email.com,555-5748,05/04/2021,Yes
CUST-1793,Joseph Smith,Individual,joseph.smith@email.com,555-3409,03/14/2021,Yes
CUST-1794,Susan Lopez,Individual,susan.lopez@email.com,555-6549,05/20/2021,Yes
CUST-1795,Susan Lopez,Individual,susan.lopez@email.com,555-1656,05/01/2021,Yes
CUST-1796,City Bistro,Business,city.bistro@business.com,555-6047,11/03/2021,Yes
CUST-1797,City Bistro,Business,city.bistro@business.com,555-8306,09/11/2021,Yes
CUST-1798,Jennifer Garcia,Individual,jennifer.garcia@email.com,555-4197,12/04/2021,Yes
CUST-1799,Patricia Brown,Individual,patricia.brown@email.com,555-4206,08/12/2021,Yes
CUST-1800,City Bistro,Business,city.bistro@business.com,555-2431,05/18/2021,Yes
CUST-1801,William Miller,Individual,william.miller@email.com,555-9035,09/24/2021,Yes
CUST-1802,Elizabeth Martinez,Individual,elizabeth.martinez@email.com,555-1918,04/15/2021,Yes
CUST-1803,Jennifer Garcia,Individual,jennifer.garcia@email.com,555-3423,06/12/2021,Yes
CUST-1804,William Miller,Individual,william.miller@email.com,555-7326,06/26/2021,Yes
CUST-1805,Michael Jones,Individual,michael.jones@email.com,555-6756,07/09/2021,Yes
CUST-1806,Linda Davis,Individual,linda.davis@email.com,555-2435,03/20/2021,Yes
CUST-1807,John Williams,Individual,john.williams@email.com,555-7809,05/19/2021,Yes
CUST-1808,Michael Jones,Individual,michael.jones@email.com,555-7944,10/10/2021,Yes
CUST-1809,William Miller,Individual,william.miller@email.com,555-2410,10/22/2021,Yes
CUST-1810,Grand Grill,Business,grand.grill@business.com,555-9606,05/03/2021,Yes
CUST-1811,Mary Johnson,Individual,mary.johnson@email.com,555-7156,03/05/2021,Yes
CUST-1812,Happy Catering,Business,happy.catering@business.com,555-5478,02/08/2021,Yes
CUST-1813,David Rodriguez,Individual,david.rodriguez@email.com,555-3243,05/10/2021,Yes
CUST-1814,Happy Catering,Business,happy.catering@business.com,555-9037,08/06/2021,Yes
CUST-1815,Grand Grill,Business,grand.grill@business.com,555-5979,03/08/2021,Yes
CUST-1816,Susan Lopez,Individual,susan.lopez@email.com,555-4678,05/09/2021,Yes
CUST-1817,Green Hotel,Business,green.hotel@business.com,555-5303,10/15/2021,Yes
CUST-1818,James Hernandez,Individual,james.hernandez@email.com,555-8742,02/10/2021,Yes
CUST-1819,Grand Grill,Business,grand.grill@business.com,555-3938,06/02/2021,Yes
CUST-1820,Susan Lopez,Individual,susan.lopez@email.com,555-5009,02/05/2021,Yes
CUST-1821,Grand Grill,Business,grand.grill@business.com,555-2093,04/24/2021,Yes
CUST-1822,Jennifer Garcia,Individual,jennifer.garcia@email.com,555-8872,03/10/2021,Yes
CUST-1823,Jessica Johnson,Individual,jessica.johnson@email.com,555-8799,08/22/2021,Yes
CUST-1824,Jessica Johnson,Individual,jessica.johnson@email.com,555-7114,11/01/2021,Yes
CUST-1825,Elizabeth Martinez,Individual,elizabeth.martinez@email.com,555-5252,12/24/2021,Yes
CUST-1826,Green Hotel,Business,green.hotel@business.com,555-6237,10/19/2021,Yes
CUST-1827,Susan Lopez,Individual,susan.lopez@email.com,555-6855,10/24/2021,Yes
CUST-1828,Grand Grill,Business,grand.grill@business.com,555-7873,07/01/2021,Yes
CUST-1829,Jennifer Garcia,Individual,jennifer.garcia@email.com,555-5749,12/08/2021,Yes
CUST-1830,James Hernandez,Individual,james.hernandez@email.com,555-9419,11/23/2021,Yes
CUST-1831,Sunrise Cafe,Business,sunrise.cafe@business.com,555-3738,11/14/2021,Yes
CUST-1832,Jessica Johnson,Individual,jessica.johnson@email.com,555-5932,07/24/2021,Yes
CUST-1833,Susan Lopez,Individual,susan.lopez@email.com,555-6939,01/14/2021,Yes
CUST-1834,City Bistro,Business,city.bistro@business.com,555-3354,07/05/2021,Yes
CUST-1835,City Bistro,Business,city.bistro@business.com,555-7111,08/10/2021,Yes
CUST-1836,William Miller,Individual,william.miller@email.com,555-3671,07/11/2021,Yes
CUST-1837,Sunrise Cafe,Business,sunrise.cafe@business.com,555-4622,04/19/2021,Yes
CUST-1838,Joseph Smith,Individual,joseph.smith@email.com,555-9612,03/21/2021,Yes
CUST-1839,Susan Lopez,Individual,susan.lopez@email.com,555-2867,03/25/2021,Yes
CUST-1840,John Williams,Individual,john.williams@email.com,555-2909,11/23/2021,Yes
CUST-1841,John Williams,Individual,john.williams@email.com,555-8856,12/24/2021,Yes
CUST-1842,Susan Lopez,Individual,susan.lopez@email.com,555-3277,06/30/2021,Yes
CUST-1843,John Williams,Individual,john.williams@email.com,555-9570,03/02/2021,Yes
CUST-1844,Jennifer Garcia,Individual,jennifer.garcia@email.com,555-5991,10/05/2021,Yes
CUST-1845,Green Hotel,Business,green.hotel@business.com,555-3108,09/10/2021,Yes
CUST-1846,Robert Williams,Individual,robert.williams@email.com,555-4712,01/14/2021,Yes
CUST-1847,Patricia Brown,Individual,patricia.brown@email.com,555-2287,10/27/2021,Yes
CUST-1848,Joseph Smith,Individual,joseph.smith@email.com,555-2273,11/05/2021,Yes
CUST-1849,Happy Catering,Business,happy.catering@business.com,555-1696,05/26/2021,Yes
CUST-1850,Green Hotel,Business,green.hotel@business.com,555-9412,01/29/2021,Yes
CUST-1851,Linda Davis,Individual,linda.davis@email.com,555-5145,11/02/2021,Yes
CUST-1852,Grand Grill,Business,grand.grill@business.com,555-1168,01/25/2021,Yes
CUST-1853,Joseph Smith,Individual,joseph.smith@email.com,555-4365,10/30/2021,Yes
CUST-1854,Patricia Brown,Individual,patricia.brown@email.com,555-6759,09/29/2021,Yes
CUST-1855,Sunrise Cafe,Business,sunrise.cafe@business.com,555-6698,08/12/2021,Yes
CUST-1856,Jessica Johnson,Individual,jessica.johnson@email.com,555-4962,04/20/2021,Yes
CUST-1857,Mary Johnson,Individual,mary.johnson@email.com,555-1229,11/12/2021,Yes
CUST-1858,Susan Lopez,Individual,susan.lopez@email.com,555-5617,09/25/2021,Yes
CUST-1859,City Bistro,Business,city.bistro@business.com,555-2616,12/30/2021,Yes
CUST-1860,John Williams,Individual,john.williams@email.com,555-8777,04/18/2021,Yes
CUST-1861,Elizabeth Martinez,Individual,elizabeth.martinez@email.com,555-8203,09/29/2021,Yes
CUST-1862,Mary Johnson,Individual,mary.johnson@email.com,555-6813,10/01/2021,Yes
CUST-1863,William Miller,Individual,william.miller@email.com,555-9425,09/14/2021,Yes
CUST-1864,Mary Johnson,Individual,mary.johnson@email.com,555-3025,07/25/2021,Yes
CUST-1865,David Rodriguez,Individual,david.rodriguez@email.com,555-9123,10/24/2021,Yes
CUST-1866,Susan Lopez,Individual,susan.lopez@email.com,555-1665,08/07/2021,Yes
CUST-1867,Happy Catering,Business,happy.catering@business.com,555-7304,11/03/2021,Yes
CUST-1868,Elizabeth Martinez,Individual,elizabeth.martinez@email.com,555-8273,07/26/2021,Yes
CUST-1869,William Miller,Individual,william.miller@email.com,555-8011,08/06/2021,Yes
CUST-1870,Green Hotel,Business,green.hotel@business.com,555-7020,05/03/2021,Yes
CUST-1871,Happy Catering,Business,happy.catering@business.com,555-2723,01/22/2021,Yes
CUST-1872,David Rodriguez,Individual,david.rodriguez@email.com,555-2392,01/29/2021,Yes
CUST-1873,Happy Catering,Business,happy.catering@business.com,555-2666,06/10/2021,Yes
CUST-1874,John Williams,Individual,john.williams@email.com,555-2060,10/07/2021,Yes
CUST-1875,Patricia Brown,Individual,patricia.brown@email.com,555-4281,07/12/2021,Yes
CUST-1876,William Miller,Individual,william.miller@email.com,555-4815,10/31/2021,Yes
CUST-1877,Susan Lopez,Individual,susan.lopez@email.com,555-5563,04/21/2021,Yes
CUST-1878,Joseph Smith,Individual,joseph.smith@email.com,555-5472,03/10/2021,Yes
CUST-1879,Joseph Smith,Individual,joseph.smith@email.com,555-7557,02/06/2021,Yes
CUST-1880,James Hernandez,Individual,james.hernandez@email.com,555-7626,02/27/2021,Yes
CUST-1881,David Rodriguez,Individual,david.rodriguez@email.com,555-3414,08/12/2021,Yes
CUST-1882,Mary Johnson,Individual,mary.johnson@email.com,555-5107,10/31/2021,Yes
CUST-1883,Patricia Brown,Individual,patricia.brown@email.com,555-3205,02/14/2021,Yes
CUST-1884,Green Hotel,Business,green.hotel@business.com,555-9161,11/28/2021,Yes
CUST-1885,Robert Williams,Individual,robert.williams@email.com,555-6356,06/20/2021,Yes
CUST-1886,City Bistro,Business,city.bistro@business.com,555-2578,02/16/2021,Yes
CUST-1887,James Hernandez,Individual,james.hernandez@email.com,555-9064,04/10/2021,Yes
CUST-1888,Patricia Brown,Individual,patricia.brown@email.com,555-9157,08/04/2021,Yes
CUST-1889,Michael Jones,Individual,michael.jones@email.com,555-6629,03/30/2021,Yes
CUST-1890,David Rodriguez,Individual,david.rodriguez@email.com,555-1289,03/28/2021,Yes
CUST-1891,John Smith,Individual,john.smith@email.com,555-2951,05/26/2021,Yes
CUST-1892,Jennifer Garcia,Individual,jennifer.garcia@email.com,555-8250,06/23/2021,Yes
CUST-1893,John Smith,Individual,john.smith@email.com,555-5965,10/03/2021,Yes
CUST-1894,Robert Williams,Individual,robert.williams@email.com,555-8056,04/25/2021,Yes
CUST-1895,Happy Catering,Business,happy.catering@business.com,555-2792,04/27/2021,Yes
CUST-1896,Linda Davis,Individual,linda.davis@email.com,555-9837,01/29/2021,Yes
CUST-1897,Linda Davis,Individual,linda.davis@email.com,555-3560,03/20/2021,Yes
CUST-1898,William Miller,Individual,william.miller@email.com,555-9105,08/20/2021,Yes
CUST-1899,William Miller,Individual,william.miller@email.com,555-6779,02/20/2021,Yes
CUST-1900,Michael Jones,Individual,michael.jones@email.com,555-2006,07/21/2021,Yes
CUST-1901,Green Hotel,Business,green.hotel@business.com,555-7003,10/28/2021,Yes
CUST-1902,Susan Lopez,Individual,susan.lopez@email.com,555-1440,03/09/2021,Yes
CUST-1903,James Hernandez,Individual,james.hernandez@email.com,555-7235,07/11/2021,Yes
CUST-1904,Grand Grill,Business,grand.grill@business.com,555-7749,07/03/2021,Yes
CUST-1905,James Hernandez,Individual,james.hernandez@email.com,555-5056,08/29/2021,Yes
CUST-1906,Michael Jones,Individual,michael.jones@email.com,555-2391,03/04/2021,Yes
CUST-1907,Mary Johnson,Individual,mary.johnson@email.com,555-2875,07/29/2021,Yes
CUST-1908,John Smith,Individual,john.smith@email.com,555-6343,04/01/2021,Yes
CUST-1909,Happy Catering,Business,happy.catering@business.com,555-9433,03/17/2021,Yes
CUST-1910,Michael Jones,Individual,michael.jones@email.com,555-8695,12/22/2021,Yes
CUST-1911,Jennifer Garcia,Individual,jennifer.garcia@email.com,555-7394,06/22/2021,Yes
CUST-1912,Mary Johnson,Individual,mary.johnson@email.com,555-2639,04/26/2021,Yes
CUST-1913,Patricia Brown,Individual,patricia.brown@email.com,555-9138,07/13/2021,Yes
CUST-1914,Joseph Smith,Individual,joseph.smith@email.com,555-6563,01/25/2021,Yes
CUST-1915,Grand Grill,Business,grand.grill@business.com,555-8143,06/29/2021,Yes
CUST-1916,James Hernandez,Individual,james.hernandez@email.com,555-9779,11/24/2021,Yes
CUST-1917,Michael Jones,Individual,michael.jones@email.com,555-5871,12/08/2021,Yes
CUST-1918,William Miller,Individual,william.miller@email.com,555-2506,09/08/2021,Yes
CUST-1919,Elizabeth Martinez,Individual,elizabeth.martinez@email.com,555-6518,11/14/2021,Yes
CUST-1920,Elizabeth Martinez,Individual,elizabeth.martinez@email.com,555-8786,04/05/2021,Yes
CUST-1921,Jennifer Garcia,Individual,jennifer.garcia@email.com,555-5945,11/23/2021,Yes
CUST-1922,Michael Jones,Individual,michael.jones@email.com,555-9846,05/25/2021,Yes
CUST-1923,William Miller,Individual,william.miller@email.com,555-5116,06/10/2021,Yes
CUST-1924,Linda Davis,Individual,linda.davis@email.com,555-9971,01/23/2021,Yes
CUST-1925,Green Hotel,Business,green.hotel@business.com,555-9457,02/14/2021,Yes
CUST-1926,Elizabeth Martinez,Individual,elizabeth.martinez@email.com,555-4489,04/21/2021,Yes
CUST-1927,Jessica Johnson,Individual,jessica.johnson@email.com,555-5389,05/07/2021,Yes
CUST-1928,David Rodriguez,Individual,david.rodriguez@email.com,555-8106,02/21/2021,Yes
CUST-1929,Susan Lopez,Individual,susan.lopez@email.com,555-1981,02/15/2021,Yes
CUST-1930,Jennifer Garcia,Individual,jennifer.garcia@email.com,555-3420,05/10/2021,Yes
CUST-1931,Susan Lopez,Individual,susan.lopez@email.com,555-5919,01/16/2021,Yes
CUST-1932,William Miller,Individual,william.miller@email.com,555-2055,07/22/2021,Yes
CUST-1933,Jessica Johnson,Individual,jessica.johnson@email.com,555-5373,06/04/2021,Yes
CUST-1934,James Hernandez,Individual,james.hernandez@email.com,555-5201,10/11/2021,Yes
CUST-1935,Patricia Brown,Individual,patricia.brown@email.com,555-4907,06/08/2021,Yes
CUST-1936,Sunrise Cafe,Business,sunrise.cafe@business.com,555-5023,12/18/2021,Yes
CUST-1937,Michael Jones,Individual,michael.jones@email.com,555-8952,05/09/2021,Yes
CUST-1938,William Miller,Individual,william.miller@email.com,555-1606,05/30/2021,Yes
CUST-1939,Michael Jones,Individual,michael.jones@email.com,555-1477,10/24/2021,Yes
CUST-1940,Joseph Smith,Individual,joseph.smith@email.com,555-3883,08/12/2021,Yes
CUST-1941,John Smith,Individual,john.smith@email.com,555-1326,04/28/2021,Yes
CUST-1942,Green Hotel,Business,green.hotel@business.com,555-5882,07/25/2021,Yes
CUST-1943,John Williams,Individual,john.williams@email.com,555-6954,06/07/2021,Yes
CUST-1944,John Williams,Individual,john.williams@email.com,555-7502,11/16/2021,Yes
CUST-1945,Susan Lopez,Individual,susan.lopez@email.com,555-4867,10/22/2021,Yes
CUST-1946,City Bistro,Business,city.bistro@business.com,555-9551,11/01/2021,Yes
CUST-1947,Elizabeth Martinez,Individual,elizabeth.martinez@email.com,555-5125,04/08/2021,Yes
CUST-1948,Mary Johnson,Individual,mary.johnson@email.com,555-3003,09/02/2021,Yes
CUST-1949,Jennifer Garcia,Individual,jennifer.garcia@email.com,555-7388,07/17/2021,Yes
CUST-1950,Susan Lopez,Individual,susan.lopez@email.com,555-7928,09/03/2021,Yes
CUST-1951,Mary Johnson,Individual,mary.johnson@email.com,555-4507,10/04/2021,Yes
CUST-1952,Linda Davis,Individual,linda.davis@email.com,555-5166,06/06/2021,Yes
CUST-1953,John Smith,Individual,john.smith@email.com,555-9740,04/25/2021,Yes
CUST-1954,Mary Johnson,Individual,mary.johnson@email.com,555-9941,07/23/2021,Yes
CUST-1955,James Hernandez,Individual,james.hernandez@email.com,555-5550,08/28/2021,Yes
CUST-1956,John Williams,Individual,john.williams@email.com,555-6947,10/19/2021,Yes
CUST-1957,Jennifer Garcia,Individual,jennifer.garcia@email.com,555-1345,07/28/2021,Yes
CUST-1958,John Williams,Individual,john.williams@email.com,555-1570,02/25/2021,Yes
CUST-1959,James Hernandez,Individual,james.hernandez@email.com,555-4926,12/05/2021,Yes
CUST-1960,William Miller,Individual,william.miller@email.com,555-6945,07/27/2021,Yes
CUST-1961,James Hernandez,Individual,james.hernandez@email.com,555-9763,10/31/2021,Yes
CUST-1962,Jessica Johnson,Individual,jessica.johnson@email.com,555-7364,05/20/2021,Yes
CUST-1963,Happy Catering,Business,happy.catering@business.com,555-5929,08/24/2021,Yes
CUST-1964,Sunrise Cafe,Business,sunrise.cafe@business.com,555-4446,08/02/2021,Yes
CUST-1965,Robert Williams,Individual,robert.williams@email.com,555-6196,05/22/2021,Yes
CUST-1966,Joseph Smith,Individual,joseph.smith@email.com,555-7656,02/06/2021,Yes
CUST-1967,Michael Jones,Individual,michael.jones@email.com,555-9055,11/21/2021,Yes
CUST-1968,William Miller,Individual,william.miller@email.com,555-7920,07/15/2021,Yes
CUST-1969,Jessica Johnson,Individual,jessica.johnson@email.com,555-3627,11/11/2021,Yes
CUST-1970,David Rodriguez,Individual,david.rodriguez@email.com,555-6764,11/29/2021,Yes
CUST-1971,Susan Lopez,Individual,susan.lopez@email.com,555-6353,03/27/2021,Yes
CUST-1972,John Smith,Individual,john.smith@email.com,555-4010,12/06/2021,Yes
CUST-1973,Joseph Smith,Individual,joseph.smith@email.com,555-3229,02/07/2021,Yes
CUST-1974,Sunrise Cafe,Business,sunrise.cafe@business.com,555-6006,02/14/2021,Yes
CUST-1975,Mary Johnson,Individual,mary.johnson@email.com,555-3585,11/06/2021,Yes
CUST-1976,Susan Lopez,Individual,susan.lopez@email.com,555-3131,02/03/2021,Yes
CUST-1977,James Hernandez,Individual,james.hernandez@email.com,555-6233,06/05/2021,Yes
CUST-1978,Jessica Johnson,Individual,jessica.johnson@email.com,555-5270,10/25/2021,Yes
CUST-1979,City Bistro,Business,city.bistro@business.com,555-5616,07/18/2021,Yes
CUST-1980,Happy Catering,Business,happy.catering@business.com,555-3980,06/27/2021,Yes
CUST-1981,William Miller,Individual,william.miller@email.com,555-4677,03/15/2021,Yes
CUST-1982,Green Hotel,Business,green.hotel@business.com,555-4747,03/22/2021,Yes
CUST-1983,Linda Davis,Individual,linda.davis@email.com,555-5289,09/22/2021,Yes
CUST-1984,Robert Williams,Individual,robert.williams@email.com,555-7570,12/07/2021,Yes
CUST-1985,Elizabeth Martinez,Individual,elizabeth.martinez@email.com,555-3445,08/21/2021,Yes
CUST-1986,Grand Grill,Business,grand.grill@business.com,555-2922,10/06/2021,Yes
CUST-1987,City Bistro,Business,city.bistro@business.com,555-8433,05/24/2021,Yes
CUST-1988,Linda Davis,Individual,linda.davis@email.com,555-4677,11/02/2021,Yes
CUST-1989,Patricia Brown,Individual,patricia.brown@email.com,555-5717,08/18/2021,Yes
CUST-1990,William Miller,Individual,william.miller@email.com,555-8066,10/27/2021,Yes
CUST-1991,Elizabeth Martinez,Individual,elizabeth.martinez@email.com,555-5636,09/13/2021,Yes
CUST-1992,Patricia Brown,Individual,patricia.brown@email.com,555-3955,06/01/2021,Yes
CUST-1993,Robert Williams,Individual,robert.williams@email.com,555-5754,12/18/2021,Yes
CUST-1994,Patricia Brown,Individual,patricia.brown@email.com,555-8388,02/19/2021,Yes
CUST-1995,Jennifer Garcia,Individual,jennifer.garcia@email.com,555-8506,03/09/2021,Yes
CUST-1996,Happy Catering,Business,happy.catering@business.com,555-6296,10/25/2021,Yes
CUST-1997,William Miller,Individual,william.miller@email.com,555-4476,01/15/2021,Yes
CUST-1998,Susan Lopez,Individual,susan.lopez@email.com,555-5198,05/30/2021,Yes
CUST-1999,City Bistro,Business,city.bistro@business.com,555-1853,12/02/2021,Yes
CUST-2000,Patricia Brown,Individual,patricia.brown@email.com,555-6804,05/05/2021,Yes
CUST-2001,Michael Jones,Individual,michael.jones@email.com,555-3775,01/28/2022,Yes
CUST-2002,John Smith,Individual,john.smith@email.com,555-7954,01/28/2022,Yes
CUST-2003,David Rodriguez,Individual,david.rodriguez@email.com,555-2536,01/28/2022,Yes
CUST-2004,Sunrise Cafe,Business,sunrise.cafe@business.com,555-1511,01/28/2022,Yes
CUST-2005,Jessica Johnson,Individual,jessica.johnson@email.com,555-6952,01/28/2022,Yes
CUST-2006,John Smith,Individual,john.smith@email.com,555-8913,01/28/2022,Yes
CUST-2007,John Williams,Individual,john.williams@email.com,555-2197,01/28/2022,Yes
CUST-2008,Jennifer Garcia,Individual,jennifer.garcia@email.com,555-9381,01/28/2022,Yes
CUST-2009,William Miller,Individual,william.miller@email.com,555-4872,01/28/2022,Yes
CUST-2010,Mary Johnson,Individual,mary.johnson@email.com,555-8278,01/28/2022,Yes
CUST-2011,John Williams,Individual,john.williams@email.com,555-5794,01/28/2022,Yes
CUST-2012,Susan Lopez,Individual,susan.lopez@email.com,555-1296,01/28/2022,Yes
CUST-2013,Robert Williams,Individual,robert.williams@email.com,555-6379,01/28/2022,Yes
CUST-2014,John Smith,Individual,john.smith@email.com,555-3121,01/28/2022,Yes
CUST-2015,Jessica Johnson,Individual,jessica.johnson@email.com,555-5964,01/28/2022,Yes
CUST-2016,Linda Davis,Individual,linda.davis@email.com,555-3848,01/28/2022,Yes
CUST-2017,Linda Davis,Individual,linda.davis@email.com,555-6747,01/28/2022,Yes
CUST-2018,Joseph Smith,Individual,joseph.smith@email.com,555-4319,01/28/2022,Yes
CUST-2019,Linda Davis,Individual,linda.davis@email.com,555-6314,01/28/2022,Yes
CUST-2020,Grand Grill,Business,grand.grill@business.com,555-4704,01/28/2022,Yes
CUST-2021,Sunrise Cafe,Business,sunrise.cafe@business.com,555-5671,01/28/2022,Yes
CUST-2022,Susan Lopez,Individual,susan.lopez@email.com,555-5305,01/28/2022,Yes
CUST-2023,Jessica Johnson,Individual,jessica.johnson@email.com,555-9206,01/28/2022,Yes
CUST-2024,Sunrise Cafe,Business,sunrise.cafe@business.com,555-8179,01/28/2022,Yes
CUST-2025,John Smith,Individual,john.smith@email.com,555-4038,01/28/2022,Yes
CUST-2026,Linda Davis,Individual,linda.davis@email.com,555-1364,01/28/2022,Yes
CUST-2027,Robert Williams,Individual,robert.williams@email.com,555-9484,01/28/2022,Yes
CUST-2028,Joseph Smith,Individual,joseph.smith@email.com,555-3211,01/28/2022,Yes
CUST-2029,City Bistro,Business,city.bistro@business.com,555-5003,01/28/2022,Yes
CUST-2030,William Miller,Individual,william.miller@email.com,555-6241,01/28/2022,Yes
CUST-2031,Jennifer Garcia,Individual,jennifer.garcia@email.com,555-9885,01/28/2022,Yes
CUST-2032,John Smith,Individual,john.smith@email.com,555-9680,01/28/2022,Yes
CUST-2033,William Miller,Individual,william.miller@email.com,555-9048,01/28/2022,Yes
CUST-2034,John Williams,Individual,john.williams@email.com,555-1815,01/28/2022,Yes
CUST-2035,John Smith,Individual,john.smith@email.com,555-6963,01/28/2022,Yes
CUST-2036,William Miller,Individual,william.miller@email.com,555-1525,01/28/2022,Yes
CUST-2037,Sunrise Cafe,Business,sunrise.cafe@business.com,555-6423,01/28/2022,Yes
CUST-2038,James Hernandez,Individual,james.hernandez@email.com,555-1268,01/28/2022,Yes
CUST-2039,Jessica Johnson,Individual,jessica.johnson@email.com,555-7406,01/28/2022,Yes
CUST-2040,Susan Lopez,Individual,susan.lopez@email.com,555-7629,01/28/2022,Yes
CUST-2041,Mary Johnson,Individual,mary.johnson@email.com,555-1300,01/28/2022,Yes
CUST-2042,City Bistro,Business,city.bistro@business.com,555-3008,01/28/2022,Yes
CUST-2043,William Miller,Individual,william.miller@email.com,555-3134,01/28/2022,Yes
CUST-2044,Elizabeth Martinez,Individual,elizabeth.martinez@email.com,555-1134,01/28/2022,Yes
CUST-2045,John Smith,Individual,john.smith@email.com,555-4606,01/28/2022,Yes
CUST-2046,Joseph Smith,Individual,joseph.smith@email.com,555-4692,01/28/2022,Yes
CUST-2047,James Hernandez,Individual,james.hernandez@email.com,555-2205,02/28/2022,Yes
CUST-2048,William Miller,Individual,william.miller@email.com,555-5643,02/28/2022,Yes
CUST-2049,John Williams,Individual,john.williams@email.com,555-6142,02/28/2022,Yes
CUST-2050,James Hernandez,Individual,james.hernandez@email.com,555-6573,02/28/2022,Yes
CUST-2051,Elizabeth Martinez,Individual,elizabeth.martinez@email.com,555-8978,02/28/2022,Yes
CUST-2052,Michael Jones,Individual,michael.jones@email.com,555-9427,02/28/2022,Yes
CUST-2053,David Rodriguez,Individual,david.rodriguez@email.com,555-6182,02/28/2022,Yes
CUST-2054,John Williams,Individual,john.williams@email.com,555-2341,02/28/2022,Yes
CUST-2055,Robert Williams,Individual,robert.williams@email.com,555-1650,02/28/2022,Yes
CUST-2056,James Hernandez,Individual,james.hernandez@email.com,555-1861,02/28/2022,Yes
CUST-2057,David Rodriguez,Individual,david.rodriguez@email.com,555-9958,02/28/2022,Yes
CUST-2058,Jennifer Garcia,Individual,jennifer.garcia@email.com,555-4649,02/28/2022,Yes
CUST-2059,Jennifer Garcia,Individual,jennifer.garcia@email.com,555-2962,02/28/2022,Yes
CUST-2060,Michael Jones,Individual,michael.jones@email.com,555-3462,02/28/2022,Yes
CUST-2061,Patricia Brown,Individual,patricia.brown@email.com,555-6640,02/28/2022,Yes
CUST-2062,Green Hotel,Business,green.hotel@business.com,555-9370,02/28/2022,Yes
CUST-2063,Elizabeth Martinez,Individual,elizabeth.martinez@email.com,555-1838,02/28/2022,Yes
CUST-2064,Happy Catering,Business,happy.catering@business.com,555-1690,02/28/2022,Yes
CUST-2065,Elizabeth Martinez,Individual,elizabeth.martinez@email.com,555-2073,02/28/2022,Yes
CUST-2066,John Williams,Individual,john.williams@email.com,555-7451,02/28/2022,Yes
CUST-2067,David Rodriguez,Individual,david.rodriguez@email.com,555-6517,02/28/2022,Yes
CUST-2068,Jennifer Garcia,Individual,jennifer.garcia@email.com,555-9275,02/28/2022,Yes
CUST-2069,Robert Williams,Individual,robert.williams@email.com,555-3079,02/28/2022,Yes
CUST-2070,William Miller,Individual,william.miller@email.com,555-3227,02/28/2022,Yes
CUST-2071,Susan Lopez,Individual,susan.lopez@email.com,555-9289,02/28/2022,Yes
CUST-2072,John Williams,Individual,john.williams@email.com,555-3390,02/28/2022,Yes
CUST-2073,Patricia Brown,Individual,patricia.brown@email.com,555-2635,02/28/2022,Yes
CUST-2074,John Williams,Individual,john.williams@email.com,555-6468,02/28/2022,Yes
CUST-2075,Patricia Brown,Individual,patricia.brown@email.com,555-6567,02/28/2022,Yes
CUST-2076,Patricia Brown,Individual,patricia.brown@email.com,555-4801,02/28/2022,Yes
CUST-2077,Patricia Brown,Individual,patricia.brown@email.com,555-9359,02/28/2022,Yes
CUST-2078,John Smith,Individual,john.smith@email.com,555-3181,02/28/2022,Yes
CUST-2079,Elizabeth Martinez,Individual,elizabeth.martinez@email.com,555-3240,02/28/2022,Yes
CUST-2080,John Smith,Individual,john.smith@email.com,555-9549,02/28/2022,Yes
CUST-2081,James Hernandez,Individual,james.hernandez@email.com,555-9363,02/28/2022,Yes
CUST-2082,James Hernandez,Individual,james.hernandez@email.com,555-6027,02/28/2022,Yes
CUST-2083,David Rodriguez,Individual,david.rodriguez@email.com,555-1912,02/28/2022,Yes
CUST-2084,Linda Davis,Individual,linda.davis@email.com,555-3092,02/28/2022,Yes
CUST-2085,Happy Catering,Business,happy.catering@business.com,555-6869,02/28/2022,Yes
CUST-2086,Jessica Johnson,Individual,jessica.johnson@email.com,555-3848,02/28/2022,Yes
CUST-2087,Patricia Brown,Individual,patricia.brown@email.com,555-8376,03/28/2022,Yes
CUST-2088,Michael Jones,Individual,michael.jones@email.com,555-3875,03/28/2022,Yes
CUST-2089,Green Hotel,Business,green.hotel@business.com,555-1776,03/28/2022,Yes
CUST-2090,Patricia Brown,Individual,patricia.brown@email.com,555-8131,03/28/2022,Yes
CUST-2091,Jennifer Garcia,Individual,jennifer.garcia@email.com,555-8640,03/28/2022,Yes
CUST-2092,William Miller,Individual,william.miller@email.com,555-9725,03/28/2022,Yes
CUST-2093,Linda Davis,Individual,linda.davis@email.com,555-6089,03/28/2022,Yes
CUST-2094,Susan Lopez,Individual,susan.lopez@email.com,555-9642,03/28/2022,Yes
CUST-2095,Robert Williams,Individual,robert.williams@email.com,555-6754,03/28/2022,Yes
CUST-2096,Sunrise Cafe,Business,sunrise.cafe@business.com,555-4441,03/28/2022,Yes
CUST-2097,City Bistro,Business,city.bistro@business.com,555-4232,03/28/2022,Yes
CUST-2098,John Smith,Individual,john.smith@email.com,555-4470,03/28/2022,Yes
CUST-2099,Elizabeth Martinez,Individual,elizabeth.martinez@email.com,555-9522,03/28/2022,Yes
CUST-2100,Susan Lopez,Individual,susan.lopez@email.com,555-7741,03/28/2022,Yes
CUST-2101,Elizabeth Martinez,Individual,elizabeth.martinez@email.com,555-6936,03/28/2022,Yes
CUST-2102,Joseph Smith,Individual,joseph.smith@email.com,555-8969,03/28/2022,Yes
CUST-2103,James Hernandez,Individual,james.hernandez@email.com,555-3931,03/28/2022,Yes
CUST-2104,Patricia Brown,Individual,patricia.brown@email.com,555-9566,03/28/2022,Yes
CUST-2105,Linda Davis,Individual,linda.davis@email.com,555-5678,03/28/2022,Yes
CUST-2106,Jessica Johnson,Individual,jessica.johnson@email.com,555-4387,03/28/2022,Yes
CUST-2107,James Hernandez,Individual,james.hernandez@email.com,555-2327,03/28/2022,Yes
CUST-2108,Michael Jones,Individual,michael.jones@email.com,555-7429,03/28/2022,Yes
CUST-2109,Linda Davis,Individual,linda.davis@email.com,555-4489,03/28/2022,Yes
CUST-2110,John Smith,Individual,john.smith@email.com,555-8799,03/28/2022,Yes
CUST-2111,City Bistro,Business,city.bistro@business.com,555-7213,03/28/2022,Yes
CUST-2112,John Smith,Individual,john.smith@email.com,555-2332,03/28/2022,Yes
CUST-2113,Robert Williams,Individual,robert.williams@email.com,555-6063,03/28/2022,Yes
CUST-2114,Linda Davis,Individual,linda.davis@email.com,555-1490,03/28/2022,Yes
CUST-2115,William Miller,Individual,william.miller@email.com,555-1623,03/28/2022,Yes
CUST-2116,Sunrise Cafe,Business,sunrise.cafe@business.com,555-3948,03/28/2022,Yes
CUST-2117,Patricia Brown,Individual,patricia.brown@email.com,555-8356,03/28/2022,Yes
CUST-2118,Joseph Smith,Individual,joseph.smith@email.com,555-9731,03/28/2022,Yes
CUST-2119,Jennifer Garcia,Individual,jennifer.garcia@email.com,555-9215,03/28/2022,Yes
CUST-2120,Elizabeth Martinez,Individual,elizabeth.martinez@email.com,555-8694,03/28/2022,Yes
CUST-2121,Jessica Johnson,Individual,jessica.johnson@email.com,555-5179,03/28/2022,Yes
CUST-2122,William Miller,Individual,william.miller@email.com,555-9245,03/28/2022,Yes
CUST-2123,John Williams,Individual,john.williams@email.com,555-8743,03/28/2022,Yes
CUST-2124,Mary Johnson,Individual,mary.johnson@email.com,555-1964,03/28/2022,Yes
CUST-2125,Jessica Johnson,Individual,jessica.johnson@email.com,555-8817,03/28/2022,Yes
CUST-2126,James Hernandez,Individual,james.hernandez@email.com,555-2958,03/28/2022,Yes
CUST-2127,Susan Lopez,Individual,susan.lopez@email.com,555-4654,03/28/2022,Yes
CUST-2128,John Williams,Individual,john.williams@email.com,555-1973,03/28/2022,Yes
CUST-2129,John Williams,Individual,john.williams@email.com,555-2649,03/28/2022,Yes
CUST-2130,Happy Catering,Business,happy.catering@business.com,555-1886,03/28/2022,Yes
CUST-2131,Michael Jones,Individual,michael.jones@email.com,555-8444,03/28/2022,Yes
CUST-2132,Happy Catering,Business,happy.catering@business.com,555-1619,03/28/2022,Yes
CUST-2133,Jessica Johnson,Individual,jessica.johnson@email.com,555-6943,04/28/2022,Yes
CUST-2134,Michael Jones,Individual,michael.jones@email.com,555-9772,04/28/2022,Yes
CUST-2135,David Rodriguez,Individual,david.rodriguez@email.com,555-8706,04/28/2022,Yes
CUST-2136,Michael Jones,Individual,michael.jones@email.com,555-7506,04/28/2022,Yes
CUST-2137,Michael Jones,Individual,michael.jones@email.com,555-7224,04/28/2022,Yes
CUST-2138,Robert Williams,Individual,robert.williams@email.com,555-6099,04/28/2022,Yes
CUST-2139,John Smith,Individual,john.smith@email.com,555-6125,04/28/2022,Yes
CUST-2140,City Bistro,Business,city.bistro@business.com,555-8337,04/28/2022,Yes
CUST-2141,Sunrise Cafe,Business,sunrise.cafe@business.com,555-5264,04/28/2022,Yes
CUST-2142,Grand Grill,Business,grand.grill@business.com,555-7017,04/28/2022,Yes
CUST-2143,Joseph Smith,Individual,joseph.smith@email.com,555-8118,04/28/2022,Yes
CUST-2144,Patricia Brown,Individual,patricia.brown@email.com,555-6863,04/28/2022,Yes
CUST-2145,John Smith,Individual,john.smith@email.com,555-3871,04/28/2022,Yes
CUST-2146,Jessica Johnson,Individual,jessica.johnson@email.com,555-5247,04/28/2022,Yes
CUST-2147,Susan Lopez,Individual,susan.lopez@email.com,555-8768,04/28/2022,Yes
CUST-2148,Mary Johnson,Individual,mary.johnson@email.com,555-6911,04/28/2022,Yes
CUST-2149,Elizabeth Martinez,Individual,elizabeth.martinez@email.com,555-6435,04/28/2022,Yes
CUST-2150,Joseph Smith,Individual,joseph.smith@email.com,555-2817,04/28/2022,Yes
CUST-2151,Green Hotel,Business,green.hotel@business.com,555-9582,04/28/2022,Yes
CUST-2152,Susan Lopez,Individual,susan.lopez@email.com,555-8975,04/28/2022,Yes
CUST-2153,Joseph Smith,Individual,joseph.smith@email.com,555-7279,04/28/2022,Yes
CUST-2154,Susan Lopez,Individual,susan.lopez@email.com,555-4440,04/28/2022,Yes
CUST-2155,Mary Johnson,Individual,mary.johnson@email.com,555-3532,04/28/2022,Yes
CUST-2156,Jessica Johnson,Individual,jessica.johnson@email.com,555-5758,04/28/2022,Yes
CUST-2157,Sunrise Cafe,Business,sunrise.cafe@business.com,555-2683,04/28/2022,Yes
CUST-2158,Jessica Johnson,Individual,jessica.johnson@email.com,555-9358,04/28/2022,Yes
CUST-2159,James Hernandez,Individual,james.hernandez@email.com,555-9049,04/28/2022,Yes
CUST-2160,Elizabeth Martinez,Individual,elizabeth.martinez@email.com,555-2346,04/28/2022,Yes
CUST-2161,Robert Williams,Individual,robert.williams@email.com,555-7812,04/28/2022,Yes
CUST-2162,David Rodriguez,Individual,david.rodriguez@email.com,555-5926,04/28/2022,Yes
CUST-2163,Jessica Johnson,Individual,jessica.johnson@email.com,555-4333,04/28/2022,Yes
CUST-2164,Jessica Johnson,Individual,jessica.johnson@email.com,555-6847,04/28/2022,Yes
CUST-2165,Patricia Brown,Individual,patricia.brown@email.com,555-3426,04/28/2022,Yes
CUST-2166,Green Hotel,Business,green.hotel@business.com,555-7885,04/28/2022,Yes
CUST-2167,William Miller,Individual,william.miller@email.com,555-9918,04/28/2022,Yes
CUST-2168,David Rodriguez,Individual,david.rodriguez@email.com,555-9715,04/28/2022,Yes
CUST-2169,Sunrise Cafe,Business,sunrise.cafe@business.com,555-9526,04/28/2022,Yes
CUST-2170,Grand Grill,Business,grand.grill@business.com,555-9137,04/28/2022,Yes
CUST-2171,Happy Catering,Business,happy.catering@business.com,555-7547,04/28/2022,Yes
CUST-2172,Susan Lopez,Individual,susan.lopez@email.com,555-7738,04/28/2022,Yes
CUST-2173,Mary Johnson,Individual,mary.johnson@email.com,555-5725,04/28/2022,Yes
CUST-2174,Green Hotel,Business,green.hotel@business.com,555-1628,04/28/2022,Yes
CUST-2175,Patricia Brown,Individual,patricia.brown@email.com,555-3751,05/28/2022,Yes
CUST-2176,John Smith,Individual,john.smith@email.com,555-9952,05/28/2022,Yes
CUST-2177,James Hernandez,Individual,james.hernandez@email.com,555-9209,05/28/2022,Yes
CUST-2178,Jessica Johnson,Individual,jessica.johnson@email.com,555-4617,05/28/2022,Yes
CUST-2179,William Miller,Individual,william.miller@email.com,555-8456,05/28/2022,Yes
CUST-2180,Jessica Johnson,Individual,jessica.johnson@email.com,555-1336,05/28/2022,Yes
CUST-2181,John Williams,Individual,john.williams@email.com,555-2459,05/28/2022,Yes
CUST-2182,Patricia Brown,Individual,patricia.brown@email.com,555-1769,05/28/2022,Yes
CUST-2183,John Smith,Individual,john.smith@email.com,555-6568,05/28/2022,Yes
CUST-2184,John Williams,Individual,john.williams@email.com,555-8440,05/28/2022,Yes
CUST-2185,William Miller,Individual,william.miller@email.com,555-5552,05/28/2022,Yes
CUST-2186,Mary Johnson,Individual,mary.johnson@email.com,555-1259,05/28/2022,Yes
CUST-2187,Patricia Brown,Individual,patricia.brown@email.com,555-8796,05/28/2022,Yes
CUST-2188,John Williams,Individual,john.williams@email.com,555-3926,05/28/2022,Yes
CUST-2189,Jennifer Garcia,Individual,jennifer.garcia@email.com,555-5019,05/28/2022,Yes
CUST-2190,Patricia Brown,Individual,patricia.brown@email.com,555-7841,05/28/2022,Yes
CUST-2191,William Miller,Individual,william.miller@email.com,555-2574,05/28/2022,Yes
CUST-2192,William Miller,Individual,william.miller@email.com,555-6049,05/28/2022,Yes
CUST-2193,Green Hotel,Business,green.hotel@business.com,555-5128,05/28/2022,Yes
CUST-2194,William Miller,Individual,william.miller@email.com,555-8129,05/28/2022,Yes
CUST-2195,David Rodriguez,Individual,david.rodriguez@email.com,555-8906,05/28/2022,Yes
CUST-2196,City Bistro,Business,city.bistro@business.com,555-4450,05/28/2022,Yes
CUST-2197,Mary Johnson,Individual,mary.johnson@email.com,555-8829,05/28/2022,Yes
CUST-2198,Patricia Brown,Individual,patricia.brown@email.com,555-4513,05/28/2022,Yes
CUST-2199,David Rodriguez,Individual,david.rodriguez@email.com,555-6974,05/28/2022,Yes
CUST-2200,Sunrise Cafe,Business,sunrise.cafe@business.com,555-4046,05/28/2022,Yes
CUST-2201,City Bistro,Business,city.bistro@business.com,555-3702,05/28/2022,Yes
CUST-2202,Sunrise Cafe,Business,sunrise.cafe@business.com,555-8487,05/28/2022,Yes
CUST-2203,James Hernandez,Individual,james.hernandez@email.com,555-7560,05/28/2022,Yes
CUST-2204,John Smith,Individual,john.smith@email.com,555-2229,05/28/2022,Yes
CUST-2205,Jennifer Garcia,Individual,jennifer.garcia@email.com,555-3454,05/28/2022,Yes
CUST-2206,Jennifer Garcia,Individual,jennifer.garcia@email.com,555-4846,06/28/2022,Yes
CUST-2207,Joseph Smith,Individual,joseph.smith@email.com,555-6482,06/28/2022,Yes
CUST-2208,Elizabeth Martinez,Individual,elizabeth.martinez@email.com,555-3062,06/28/2022,Yes
CUST-2209,Michael Jones,Individual,michael.jones@email.com,555-1944,06/28/2022,Yes
CUST-2210,Patricia Brown,Individual,patricia.brown@email.com,555-8101,06/28/2022,Yes
CUST-2211,Green Hotel,Business,green.hotel@business.com,555-3539,06/28/2022,Yes
CUST-2212,Sunrise Cafe,Business,sunrise.cafe@business.com,555-6855,06/28/2022,Yes
CUST-2213,John Williams,Individual,john.williams@email.com,555-2329,06/28/2022,Yes
CUST-2214,John Smith,Individual,john.smith@email.com,555-8828,06/28/2022,Yes
CUST-2215,John Smith,Individual,john.smith@email.com,555-6040,06/28/2022,Yes
CUST-2216,Patricia Brown,Individual,patricia.brown@email.com,555-4772,06/28/2022,Yes
CUST-2217,James Hernandez,Individual,james.hernandez@email.com,555-8238,06/28/2022,Yes
CUST-2218,Elizabeth Martinez,Individual,elizabeth.martinez@email.com,555-1194,06/28/2022,Yes
CUST-2219,Jennifer Garcia,Individual,jennifer.garcia@email.com,555-3273,06/28/2022,Yes
CUST-2220,John Smith,Individual,john.smith@email.com,555-4467,06/28/2022,Yes
CUST-2221,John Williams,Individual,john.williams@email.com,555-7269,06/28/2022,Yes
CUST-2222,John Smith,Individual,john.smith@email.com,555-2546,06/28/2022,Yes
CUST-2223,Susan Lopez,Individual,susan.lopez@email.com,555-3640,06/28/2022,Yes
CUST-2224,Jennifer Garcia,Individual,jennifer.garcia@email.com,555-1773,06/28/2022,Yes
CUST-2225,Mary Johnson,Individual,mary.johnson@email.com,555-8874,06/28/2022,Yes
CUST-2226,Jennifer Garcia,Individual,jennifer.garcia@email.com,555-3206,06/28/2022,Yes
CUST-2227,Jennifer Garcia,Individual,jennifer.garcia@email.com,555-7301,06/28/2022,Yes
CUST-2228,John Smith,Individual,john.smith@email.com,555-5850,06/28/2022,Yes
CUST-2229,Sunrise Cafe,Business,sunrise.cafe@business.com,555-3851,06/28/2022,Yes
CUST-2230,Michael Jones,Individual,michael.jones@email.com,555-1708,06/28/2022,Yes
CUST-2231,Elizabeth Martinez,Individual,elizabeth.martinez@email.com,555-1635,06/28/2022,Yes
CUST-2232,Grand Grill,Business,grand.grill@business.com,555-7275,06/28/2022,Yes
CUST-2233,John Smith,Individual,john.smith@email.com,555-7726,06/28/2022,Yes
CUST-2234,Sunrise Cafe,Business,sunrise.cafe@business.com,555-4956,06/28/2022,Yes
CUST-2235,John Smith,Individual,john.smith@email.com,555-7812,06/28/2022,Yes
CUST-2236,James Hernandez,Individual,james.hernandez@email.com,555-1618,06/28/2022,Yes
CUST-2237,John Smith,Individual,john.smith@email.com,555-4071,06/28/2022,Yes
CUST-2238,City Bistro,Business,city.bistro@business.com,555-8857,06/28/2022,Yes
CUST-2239,Michael Jones,Individual,michael.jones@email.com,555-4293,06/28/2022,Yes
CUST-2240,Linda Davis,Individual,linda.davis@email.com,555-7171,06/28/2022,Yes
CUST-2241,John Smith,Individual,john.smith@email.com,555-1362,06/28/2022,Yes
CUST-2242,John Williams,Individual,john.williams@email.com,555-8325,06/28/2022,Yes
CUST-2243,Sunrise Cafe,Business,sunrise.cafe@business.com,555-3510,06/28/2022,Yes
CUST-2244,Robert Williams,Individual,robert.williams@email.com,555-3758,06/28/2022,Yes
CUST-2245,Robert Williams,Individual,robert.williams@email.com,555-7892,06/28/2022,Yes
CUST-2246,John Williams,Individual,john.williams@email.com,555-4020,07/28/2022,Yes
CUST-2247,James Hernandez,Individual,james.hernandez@email.com,555-8862,07/28/2022,Yes
CUST-2248,Robert Williams,Individual,robert.williams@email.com,555-2412,07/28/2022,Yes
CUST-2249,Michael Jones,Individual,michael.jones@email.com,555-3904,07/28/2022,Yes
CUST-2250,James Hernandez,Individual,james.hernandez@email.com,555-8641,07/28/2022,Yes
CUST-2251,Jennifer Garcia,Individual,jennifer.garcia@email.com,555-7655,07/28/2022,Yes
CUST-2252,Michael Jones,Individual,michael.jones@email.com,555-2907,07/28/2022,Yes
CUST-2253,Linda Davis,Individual,linda.davis@email.com,555-2767,07/28/2022,Yes
CUST-2254,Linda Davis,Individual,linda.davis@email.com,555-9894,07/28/2022,Yes
CUST-2255,Jennifer Garcia,Individual,jennifer.garcia@email.com,555-6136,07/28/2022,Yes
CUST-2256,Mary Johnson,Individual,mary.johnson@email.com,555-1449,07/28/2022,Yes
CUST-2257,Green Hotel,Business,green.hotel@business.com,555-6371,07/28/2022,Yes
CUST-2258,Jessica Johnson,Individual,jessica.johnson@email.com,555-2613,07/28/2022,Yes
CUST-2259,Robert Williams,Individual,robert.williams@email.com,555-6892,07/28/2022,Yes
CUST-2260,Mary Johnson,Individual,mary.johnson@email.com,555-8461,07/28/2022,Yes
CUST-2261,John Williams,Individual,john.williams@email.com,555-9011,07/28/2022,Yes
CUST-2262,Happy Catering,Business,happy.catering@business.com,555-3775,07/28/2022,Yes
CUST-2263,Elizabeth Martinez,Individual,elizabeth.martinez@email.com,555-8156,07/28/2022,Yes
CUST-2264,John Smith,Individual,john.smith@email.com,555-8383,07/28/2022,Yes
CUST-2265,Grand Grill,Business,grand.grill@business.com,555-5412,07/28/2022,Yes
CUST-2266,William Miller,Individual,william.miller@email.com,555-9080,07/28/2022,Yes
CUST-2267,John Smith,Individual,john.smith@email.com,555-2916,07/28/2022,Yes
CUST-2268,Robert Williams,Individual,robert.williams@email.com,555-2557,07/28/2022,Yes
CUST-2269,Patricia Brown,Individual,patricia.brown@email.com,555-6245,07/28/2022,Yes
CUST-2270,Mary Johnson,Individual,mary.johnson@email.com,555-3196,07/28/2022,Yes
CUST-2271,William Miller,Individual,william.miller@email.com,555-1260,07/28/2022,Yes
CUST-2272,Robert Williams,Individual,robert.williams@email.com,555-2120,07/28/2022,Yes
CUST-2273,Patricia Brown,Individual,patricia.brown@email.com,555-1606,07/28/2022,Yes
CUST-2274,Green Hotel,Business,green.hotel@business.com,555-4976,07/28/2022,Yes
CUST-2275,John Williams,Individual,john.williams@email.com,555-7769,07/28/2022,Yes
CUST-2276,William Miller,Individual,william.miller@email.com,555-4979,07/28/2022,Yes
CUST-2277,Jennifer Garcia,Individual,jennifer.garcia@email.com,555-8852,07/28/2022,Yes
CUST-2278,Patricia Brown,Individual,patricia.brown@email.com,555-5986,07/28/2022,Yes
CUST-2279,Mary Johnson,Individual,mary.johnson@email.com,555-8975,07/28/2022,Yes
CUST-2280,Elizabeth Martinez,Individual,elizabeth.martinez@email.com,555-1124,07/28/2022,Yes
CUST-2281,Joseph Smith,Individual,joseph.smith@email.com,555-4356,07/28/2022,Yes
CUST-2282,Grand Grill,Business,grand.grill@business.com,555-3210,07/28/2022,Yes
CUST-2283,Green Hotel,Business,green.hotel@business.com,555-2762,07/28/2022,Yes
CUST-2284,Linda Davis,Individual,linda.davis@email.com,555-3001,07/28/2022,Yes
CUST-2285,James Hernandez,Individual,james.hernandez@email.com,555-3132,07/28/2022,Yes
CUST-2286,James Hernandez,Individual,james.hernandez@email.com,555-2688,07/28/2022,Yes
CUST-2287,Patricia Brown,Individual,patricia.brown@email.com,555-6024,07/28/2022,Yes
CUST-2288,Green Hotel,Business,green.hotel@business.com,555-5244,07/28/2022,Yes
CUST-2289,City Bistro,Business,city.bistro@business.com,555-4955,07/28/2022,Yes
CUST-2290,John Smith,Individual,john.smith@email.com,555-4403,07/28/2022,Yes
CUST-2291,City Bistro,Business,city.bistro@business.com,555-5368,07/28/2022,Yes
CUST-2292,Mary Johnson,Individual,mary.johnson@email.com,555-3956,07/28/2022,Yes
CUST-2293,Susan Lopez,Individual,susan.lopez@email.com,555-1938,07/28/2022,Yes
CUST-2294,City Bistro,Business,city.bistro@business.com,555-9011,07/28/2022,Yes
CUST-2295,Jennifer Garcia,Individual,jennifer.garcia@email.com,555-8892,07/28/2022,Yes
CUST-2296,John Smith,Individual,john.smith@email.com,555-7700,08/28/2022,Yes
CUST-2297,Happy Catering,Business,happy.catering@business.com,555-5470,08/28/2022,Yes
CUST-2298,Patricia Brown,Individual,patricia.brown@email.com,555-9581,08/28/2022,Yes
CUST-2299,Linda Davis,Individual,linda.davis@email.com,555-8971,08/28/2022,Yes
CUST-2300,Susan Lopez,Individual,susan.lopez@email.com,555-5013,08/28/2022,Yes
CUST-2301,Happy Catering,Business,happy.catering@business.com,555-7315,08/28/2022,Yes
CUST-2302,Joseph Smith,Individual,joseph.smith@email.com,555-3272,08/28/2022,Yes
CUST-2303,William Miller,Individual,william.miller@email.com,555-3152,08/28/2022,Yes
CUST-2304,John Williams,Individual,john.williams@email.com,555-6690,08/28/2022,Yes
CUST-2305,John Williams,Individual,john.williams@email.com,555-3675,08/28/2022,Yes
CUST-2306,Patricia Brown,Individual,patricia.brown@email.com,555-8717,08/28/2022,Yes
CUST-2307,William Miller,Individual,william.miller@email.com,555-8402,08/28/2022,Yes
CUST-2308,Jessica Johnson,Individual,jessica.johnson@email.com,555-9940,08/28/2022,Yes
CUST-2309,Grand Grill,Business,grand.grill@business.com,555-7601,08/28/2022,Yes
CUST-2310,Patricia Brown,Individual,patricia.brown@email.com,555-8018,08/28/2022,Yes
CUST-2311,John Smith,Individual,john.smith@email.com,555-9653,08/28/2022,Yes
CUST-2312,Elizabeth Martinez,Individual,elizabeth.martinez@email.com,555-2646,08/28/2022,Yes
CUST-2313,William Miller,Individual,william.miller@email.com,555-7194,08/28/2022,Yes
CUST-2314,Patricia Brown,Individual,patricia.brown@email.com,555-1587,08/28/2022,Yes
CUST-2315,Grand Grill,Business,grand.grill@business.com,555-6974,08/28/2022,Yes
CUST-2316,Patricia Brown,Individual,patricia.brown@email.com,555-1345,08/28/2022,Yes
CUST-2317,Michael Jones,Individual,michael.jones@email.com,555-7429,08/28/2022,Yes
CUST-2318,William Miller,Individual,william.miller@email.com,555-3150,08/28/2022,Yes
CUST-2319,Michael Jones,Individual,michael.jones@email.com,555-7451,08/28/2022,Yes
CUST-2320,John Smith,Individual,john.smith@email.com,555-4152,08/28/2022,Yes
CUST-2321,John Williams,Individual,john.williams@email.com,555-3453,08/28/2022,Yes
CUST-2322,City Bistro,Business,city.bistro@business.com,555-7793,08/28/2022,Yes
CUST-2323,William Miller,Individual,william.miller@email.com,555-8319,08/28/2022,Yes
CUST-2324,Jennifer Garcia,Individual,jennifer.garcia@email.com,555-3691,08/28/2022,Yes
CUST-2325,City Bistro,Business,city.bistro@business.com,555-6831,08/28/2022,Yes
CUST-2326,David Rodriguez,Individual,david.rodriguez@email.com,555-2749,08/28/2022,Yes
CUST-2327,Happy Catering,Business,happy.catering@business.com,555-6058,08/28/2022,Yes
CUST-2328,David Rodriguez,Individual,david.rodriguez@email.com,555-9526,08/28/2022,Yes
CUST-2329,John Williams,Individual,john.williams@email.com,555-7048,09/28/2022,Yes
CUST-2330,David Rodriguez,Individual,david.rodriguez@email.com,555-8076,09/28/2022,Yes
CUST-2331,Happy Catering,Business,happy.catering@business.com,555-1439,09/28/2022,Yes
CUST-2332,Linda Davis,Individual,linda.davis@email.com,555-3405,09/28/2022,Yes
CUST-2333,David Rodriguez,Individual,david.rodriguez@email.com,555-7916,09/28/2022,Yes
CUST-2334,John Smith,Individual,john.smith@email.com,555-1350,09/28/2022,Yes
CUST-2335,Sunrise Cafe,Business,sunrise.cafe@business.com,555-8722,09/28/2022,Yes
CUST-2336,Michael Jones,Individual,michael.jones@email.com,555-3513,09/28/2022,Yes
CUST-2337,Linda Davis,Individual,linda.davis@email.com,555-2027,09/28/2022,Yes
CUST-2338,Grand Grill,Business,grand.grill@business.com,555-1062,09/28/2022,Yes
CUST-2339,Mary Johnson,Individual,mary.johnson@email.com,555-5876,09/28/2022,Yes
CUST-2340,Mary Johnson,Individual,mary.johnson@email.com,555-9832,09/28/2022,Yes
CUST-2341,Susan Lopez,Individual,susan.lopez@email.com,555-5801,09/28/2022,Yes
CUST-2342,Susan Lopez,Individual,susan.lopez@email.com,555-6390,09/28/2022,Yes
CUST-2343,Grand Grill,Business,grand.grill@business.com,555-3863,09/28/2022,Yes
CUST-2344,Mary Johnson,Individual,mary.johnson@email.com,555-4470,09/28/2022,Yes
CUST-2345,Susan Lopez,Individual,susan.lopez@email.com,555-6219,09/28/2022,Yes
CUST-2346,Jessica Johnson,Individual,jessica.johnson@email.com,555-2335,09/28/2022,Yes
CUST-2347,Robert Williams,Individual,robert.williams@email.com,555-4898,09/28/2022,Yes
CUST-2348,William Miller,Individual,william.miller@email.com,555-3655,09/28/2022,Yes
CUST-2349,Jessica Johnson,Individual,jessica.johnson@email.com,555-6125,09/28/2022,Yes
CUST-2350,David Rodriguez,Individual,david.rodriguez@email.com,555-2994,09/28/2022,Yes
CUST-2351,Michael Jones,Individual,michael.jones@email.com,555-2269,09/28/2022,Yes
CUST-2352,Susan Lopez,Individual,susan.lopez@email.com,555-6624,09/28/2022,Yes
CUST-2353,Elizabeth Martinez,Individual,elizabeth.martinez@email.com,555-4739,09/28/2022,Yes
CUST-2354,Jessica Johnson,Individual,jessica.johnson@email.com,555-3105,09/28/2022,Yes
CUST-2355,Jessica Johnson,Individual,jessica.johnson@email.com,555-7492,09/28/2022,Yes
CUST-2356,Linda Davis,Individual,linda.davis@email.com,555-5968,09/28/2022,Yes
CUST-2357,Sunrise Cafe,Business,sunrise.cafe@business.com,555-5808,09/28/2022,Yes
CUST-2358,Grand Grill,Business,grand.grill@business.com,555-8554,09/28/2022,Yes
CUST-2359,Joseph Smith,Individual,joseph.smith@email.com,555-6238,09/28/2022,Yes
CUST-2360,Green Hotel,Business,green.hotel@business.com,555-4830,09/28/2022,Yes
CUST-2361,Joseph Smith,Individual,joseph.smith@email.com,555-2281,09/28/2022,Yes
CUST-2362,Jessica Johnson,Individual,jessica.johnson@email.com,555-2026,09/28/2022,Yes
CUST-2363,Patricia Brown,Individual,patricia.brown@email.com,555-3643,09/28/2022,Yes
CUST-2364,Robert Williams,Individual,robert.williams@email.com,555-4884,09/28/2022,Yes
CUST-2365,Patricia Brown,Individual,patricia.brown@email.com,555-6102,09/28/2022,Yes
CUST-2366,David Rodriguez,Individual,david.rodriguez@email.com,555-1549,09/28/2022,Yes
CUST-2367,Joseph Smith,Individual,joseph.smith@email.com,555-3546,09/28/2022,Yes
CUST-2368,Jessica Johnson,Individual,jessica.johnson@email.com,555-8143,09/28/2022,Yes
CUST-2369,John Smith,Individual,john.smith@email.com,555-6941,09/28/2022,Yes
CUST-2370,Jennifer Garcia,Individual,jennifer.garcia@email.com,555-6225,09/28/2022,Yes
CUST-2371,Mary Johnson,Individual,mary.johnson@email.com,555-6655,09/28/2022,Yes
CUST-2372,Linda Davis,Individual,linda.davis@email.com,555-5904,09/28/2022,Yes
CUST-2373,William Miller,Individual,william.miller@email.com,555-4089,10/28/2022,Yes
CUST-2374,Grand Grill,Business,grand.grill@business.com,555-3398,10/28/2022,Yes
CUST-2375,Grand Grill,Business,grand.grill@business.com,555-3781,10/28/2022,Yes
CUST-2376,Green Hotel,Business,green.hotel@business.com,555-6937,10/28/2022,Yes
CUST-2377,James Hernandez,Individual,james.hernandez@email.com,555-7803,10/28/2022,Yes
CUST-2378,Elizabeth Martinez,Individual,elizabeth.martinez@email.com,555-2915,10/28/2022,Yes
CUST-2379,Joseph Smith,Individual,joseph.smith@email.com,555-7957,10/28/2022,Yes
CUST-2380,Robert Williams,Individual,robert.williams@email.com,555-4661,10/28/2022,Yes
CUST-2381,Linda Davis,Individual,linda.davis@email.com,555-6849,10/28/2022,Yes
CUST-2382,Robert Williams,Individual,robert.williams@email.com,555-1285,10/28/2022,Yes
CUST-2383,David Rodriguez,Individual,david.rodriguez@email.com,555-8579,10/28/2022,Yes
CUST-2384,Joseph Smith,Individual,joseph.smith@email.com,555-2784,10/28/2022,Yes
CUST-2385,Robert Williams,Individual,robert.williams@email.com,555-8825,10/28/2022,Yes
CUST-2386,John Williams,Individual,john.williams@email.com,555-4941,10/28/2022,Yes
CUST-2387,John Smith,Individual,john.smith@email.com,555-3006,10/28/2022,Yes
CUST-2388,Susan Lopez,Individual,susan.lopez@email.com,555-2603,10/28/2022,Yes
CUST-2389,Michael Jones,Individual,michael.jones@email.com,555-3198,10/28/2022,Yes
CUST-2390,Jennifer Garcia,Individual,jennifer.garcia@email.com,555-8991,10/28/2022,Yes
CUST-2391,Elizabeth Martinez,Individual,elizabeth.martinez@email.com,555-1602,10/28/2022,Yes
CUST-2392,City Bistro,Business,city.bistro@business.com,555-7127,10/28/2022,Yes
CUST-2393,Green Hotel,Business,green.hotel@business.com,555-7877,10/28/2022,Yes
CUST-2394,Jessica Johnson,Individual,jessica.johnson@email.com,555-8574,10/28/2022,Yes
CUST-2395,Happy Catering,Business,happy.catering@business.com,555-4119,10/28/2022,Yes
CUST-2396,Linda Davis,Individual,linda.davis@email.com,555-1410,10/28/2022,Yes
CUST-2397,David Rodriguez,Individual,david.rodriguez@email.com,555-1304,10/28/2022,Yes
CUST-2398,Elizabeth Martinez,Individual,elizabeth.martinez@email.com,555-4007,10/28/2022,Yes
CUST-2399,City Bistro,Business,city.bistro@business.com,555-6125,10/28/2022,Yes
CUST-2400,Mary Johnson,Individual,mary.johnson@email.com,555-4390,10/28/2022,Yes
CUST-2401,Michael Jones,Individual,michael.jones@email.com,555-8516,10/28/2022,Yes
CUST-2402,Michael Jones,Individual,michael.jones@email.com,555-4983,10/28/2022,Yes
CUST-2403,City Bistro,Business,city.bistro@business.com,555-3255,10/28/2022,Yes
CUST-2404,William Miller,Individual,william.miller@email.com,555-9272,10/28/2022,Yes
CUST-2405,John Williams,Individual,john.williams@email.com,555-8420,10/28/2022,Yes
CUST-2406,John Smith,Individual,john.smith@email.com,555-6186,10/28/2022,Yes
CUST-2407,Elizabeth Martinez,Individual,elizabeth.martinez@email.com,555-9461,10/28/2022,Yes
CUST-2408,Happy Catering,Business,happy.catering@business.com,555-5853,10/28/2022,Yes
CUST-2409,John Williams,Individual,john.williams@email.com,555-8095,10/28/2022,Yes
CUST-2410,Linda Davis,Individual,linda.davis@email.com,555-9004,10/28/2022,Yes
CUST-2411,Robert Williams,Individual,robert.williams@email.com,555-3062,11/28/2022,Yes
CUST-2412,Happy Catering,Business,happy.catering@business.com,555-8275,11/28/2022,Yes
CUST-2413,Patricia Brown,Individual,patricia.brown@email.com,555-4355,11/28/2022,Yes
CUST-2414,Michael Jones,Individual,michael.jones@email.com,555-4447,11/28/2022,Yes
CUST-2415,James Hernandez,Individual,james.hernandez@email.com,555-5567,11/28/2022,Yes
CUST-2416,John Smith,Individual,john.smith@email.com,555-5020,11/28/2022,Yes
CUST-2417,Sunrise Cafe,Business,sunrise.cafe@business.com,555-8784,11/28/2022,Yes
CUST-2418,City Bistro,Business,city.bistro@business.com,555-7661,11/28/2022,Yes
CUST-2419,Green Hotel,Business,green.hotel@business.com,555-8928,11/28/2022,Yes
CUST-2420,Green Hotel,Business,green.hotel@business.com,555-9656,11/28/2022,Yes
CUST-2421,David Rodriguez,Individual,david.rodriguez@email.com,555-8700,11/28/2022,Yes
CUST-2422,James Hernandez,Individual,james.hernandez@email.com,555-9092,11/28/2022,Yes
CUST-2423,James Hernandez,Individual,james.hernandez@email.com,555-7814,11/28/2022,Yes
CUST-2424,Susan Lopez,Individual,susan.lopez@email.com,555-1651,11/28/2022,Yes
CUST-2425,William Miller,Individual,william.miller@email.com,555-7244,11/28/2022,Yes
CUST-2426,William Miller,Individual,william.miller@email.com,555-2111,11/28/2022,Yes
CUST-2427,Sunrise Cafe,Business,sunrise.cafe@business.com,555-9045,11/28/2022,Yes
CUST-2428,Jennifer Garcia,Individual,jennifer.garcia@email.com,555-6781,11/28/2022,Yes
CUST-2429,Joseph Smith,Individual,joseph.smith@email.com,555-1997,11/28/2022,Yes
CUST-2430,Grand Grill,Business,grand.grill@business.com,555-9242,11/28/2022,Yes
CUST-2431,Patricia Brown,Individual,patricia.brown@email.com,555-5793,11/28/2022,Yes
CUST-2432,Happy Catering,Business,happy.catering@business.com,555-1099,11/28/2022,Yes
CUST-2433,Robert Williams,Individual,robert.williams@email.com,555-3674,11/28/2022,Yes
CUST-2434,Elizabeth Martinez,Individual,elizabeth.martinez@email.com,555-2796,11/28/2022,Yes
CUST-2435,Jennifer Garcia,Individual,jennifer.garcia@email.com,555-3239,11/28/2022,Yes
CUST-2436,Michael Jones,Individual,michael.jones@email.com,555-6374,11/28/2022,Yes
CUST-2437,Green Hotel,Business,green.hotel@business.com,555-8480,11/28/2022,Yes
CUST-2438,Happy Catering,Business,happy.catering@business.com,555-1219,11/28/2022,Yes
CUST-2439,Happy Catering,Business,happy.catering@business.com,555-1473,11/28/2022,Yes
CUST-2440,Sunrise Cafe,Business,sunrise.cafe@business.com,555-4017,11/28/2022,Yes
CUST-2441,Susan Lopez,Individual,susan.lopez@email.com,555-5015,11/28/2022,Yes
CUST-2442,Mary Johnson,Individual,mary.johnson@email.com,555-2056,11/28/2022,Yes
CUST-2443,John Smith,Individual,john.smith@email.com,555-6329,11/28/2022,Yes
CUST-2444,Linda Davis,Individual,linda.davis@email.com,555-4563,11/28/2022,Yes
CUST-2445,William Miller,Individual,william.miller@email.com,555-7259,11/28/2022,Yes
CUST-2446,Michael Jones,Individual,michael.jones@email.com,555-4245,11/28/2022,Yes
CUST-2447,Elizabeth Martinez,Individual,elizabeth.martinez@email.com,555-1384,11/28/2022,Yes
CUST-2448,William Miller,Individual,william.miller@email.com,555-5055,11/28/2022,Yes
CUST-2449,John Smith,Individual,john.smith@email.com,555-2420,11/28/2022,Yes
CUST-2450,Linda Davis,Individual,linda.davis@email.com,555-3034,11/28/2022,Yes
CUST-2451,Linda Davis,Individual,linda.davis@email.com,555-1300,11/28/2022,Yes
CUST-2452,David Rodriguez,Individual,david.rodriguez@email.com,555-5558,11/28/2022,Yes
CUST-2453,Green Hotel,Business,green.hotel@business.com,555-1304,11/28/2022,Yes
CUST-2454,Grand Grill,Business,grand.grill@business.com,555-8484,11/28/2022,Yes
CUST-2455,Michael Jones,Individual,michael.jones@email.com,555-3119,11/28/2022,Yes
CUST-2456,John Smith,Individual,john.smith@email.com,555-7429,11/28/2022,Yes
CUST-2457,Green Hotel,Business,green.hotel@business.com,555-3713,11/28/2022,Yes
CUST-2458,Michael Jones,Individual,michael.jones@email.com,555-6709,11/28/2022,Yes
CUST-2459,John Smith,Individual,john.smith@email.com,555-3763,11/28/2022,Yes
CUST-2460,Linda Davis,Individual,linda.davis@email.com,555-1841,11/28/2022,Yes
CUST-2461,Elizabeth Martinez,Individual,elizabeth.martinez@email.com,555-2183,12/28/2022,Yes
CUST-2462,Michael Jones,Individual,michael.jones@email.com,555-1612,12/28/2022,Yes
CUST-2463,Happy Catering,Business,happy.catering@business.com,555-1383,12/28/2022,Yes
CUST-2464,Joseph Smith,Individual,joseph.smith@email.com,555-6954,12/28/2022,Yes
CUST-2465,Happy Catering,Business,happy.catering@business.com,555-8588,12/28/2022,Yes
CUST-2466,William Miller,Individual,william.miller@email.com,555-2423,12/28/2022,Yes
CUST-2467,Joseph Smith,Individual,joseph.smith@email.com,555-8372,12/28/2022,Yes
CUST-2468,Jessica Johnson,Individual,jessica.johnson@email.com,555-7446,12/28/2022,Yes
CUST-2469,Mary Johnson,Individual,mary.johnson@email.com,555-5463,12/28/2022,Yes
CUST-2470,Susan Lopez,Individual,susan.lopez@email.com,555-4577,12/28/2022,Yes
CUST-2471,Jessica Johnson,Individual,jessica.johnson@email.com,555-8216,12/28/2022,Yes
CUST-2472,Linda Davis,Individual,linda.davis@email.com,555-1566,12/28/2022,Yes
CUST-2473,Patricia Brown,Individual,patricia.brown@email.com,555-8888,12/28/2022,Yes
CUST-2474,Sunrise Cafe,Business,sunrise.cafe@business.com,555-4494,12/28/2022,Yes
CUST-2475,William Miller,Individual,william.miller@email.com,555-6691,12/28/2022,Yes
CUST-2476,Susan Lopez,Individual,susan.lopez@email.com,555-3541,12/28/2022,Yes
CUST-2477,Jessica Johnson,Individual,jessica.johnson@email.com,555-2059,12/28/2022,Yes
CUST-2478,Sunrise Cafe,Business,sunrise.cafe@business.com,555-4247,12/28/2022,Yes
CUST-2479,Michael Jones,Individual,michael.jones@email.com,555-2296,12/28/2022,Yes
CUST-2480,John Smith,Individual,john.smith@email.com,555-9172,12/28/2022,Yes
CUST-2481,John Smith,Individual,john.smith@email.com,555-5603,12/28/2022,Yes
CUST-2482,Joseph Smith,Individual,joseph.smith@email.com,555-7158,12/28/2022,Yes
CUST-2483,Green Hotel,Business,green.hotel@business.com,555-5393,12/28/2022,Yes
CUST-2484,Linda Davis,Individual,linda.davis@email.com,555-6345,12/28/2022,Yes
CUST-2485,John Smith,Individual,john.smith@email.com,555-3676,12/28/2022,Yes
CUST-2486,Green Hotel,Business,green.hotel@business.com,555-4451,12/28/2022,Yes
CUST-2487,Michael Jones,Individual,michael.jones@email.com,555-6738,12/28/2022,Yes
CUST-2488,Jennifer Garcia,Individual,jennifer.garcia@email.com,555-2643,12/28/2022,Yes
CUST-2489,David Rodriguez,Individual,david.rodriguez@email.com,555-8785,12/28/2022,Yes
CUST-2490,Joseph Smith,Individual,joseph.smith@email.com,555-9350,12/28/2022,Yes
CUST-2491,John Williams,Individual,john.williams@email.com,555-3217,12/28/2022,Yes
CUST-2492,Happy Catering,Business,happy.catering@business.com,555-5946,12/28/2022,Yes
CUST-2493,James Hernandez,Individual,james.hernandez@email.com,555-5541,12/28/2022,Yes
CUST-2494,Grand Grill,Business,grand.grill@business.com,555-1123,12/28/2022,Yes
CUST-2495,Green Hotel,Business,green.hotel@business.com,555-8758,12/28/2022,Yes
CUST-2496,Linda Davis,Individual,linda.davis@email.com,555-3633,12/28/2022,Yes
CUST-2497,John Williams,Individual,john.williams@email.com,555-3964,12/28/2022,Yes
CUST-2498,Patricia Brown,Individual,patricia.brown@email.com,555-7311,12/28/2022,Yes
CUST-2499,John Smith,Individual,john.smith@email.com,555-5106,12/28/2022,Yes
CUST-2500,Linda Davis,Individual,linda.davis@email.com,555-7243,12/28/2022,Yes
CUST-2501,Patricia Brown,Individual,patricia.brown@email.com,555-8823,12/28/2022,Yes
CUST-2502,Joseph Smith,Individual,joseph.smith@email.com,555-8964,01/28/2023,Yes
CUST-2503,James Hernandez,Individual,james.hernandez@email.com,555-7436,01/28/2023,Yes
CUST-2504,Happy Catering,Business,happy.catering@business.com,555-2694,01/28/2023,Yes
CUST-2505,William Miller,Individual,william.miller@email.com,555-8832,01/28/2023,Yes
CUST-2506,Jennifer Garcia,Individual,jennifer.garcia@email.com,555-5060,01/28/2023,Yes
CUST-2507,Michael Jones,Individual,michael.jones@email.com,555-1916,01/28/2023,Yes
CUST-2508,Grand Grill,Business,grand.grill@business.com,555-6147,01/28/2023,Yes
CUST-2509,City Bistro,Business,city.bistro@business.com,555-3946,01/28/2023,Yes
CUST-2510,Sunrise Cafe,Business,sunrise.cafe@business.com,555-7124,01/28/2023,Yes
CUST-2511,Happy Catering,Business,happy.catering@business.com,555-9944,01/28/2023,Yes
CUST-2512,Michael Jones,Individual,michael.jones@email.com,555-3100,01/28/2023,Yes
CUST-2513,John Smith,Individual,john.smith@email.com,555-3047,01/28/2023,Yes
CUST-2514,Robert Williams,Individual,robert.williams@email.com,555-5563,01/28/2023,Yes
CUST-2515,William Miller,Individual,william.miller@email.com,555-7148,01/28/2023,Yes
CUST-2516,Jennifer Garcia,Individual,jennifer.garcia@email.com,555-1057,01/28/2023,Yes
CUST-2517,Jennifer Garcia,Individual,jennifer.garcia@email.com,555-8592,01/28/2023,Yes
CUST-2518,James Hernandez,Individual,james.hernandez@email.com,555-9644,01/28/2023,Yes
CUST-2519,Michael Jones,Individual,michael.jones@email.com,555-4682,01/28/2023,Yes
CUST-2520,Michael Jones,Individual,michael.jones@email.com,555-3449,01/28/2023,Yes
CUST-2521,David Rodriguez,Individual,david.rodriguez@email.com,555-8760,01/28/2023,Yes
CUST-2522,City Bistro,Business,city.bistro@business.com,555-5822,01/28/2023,Yes
CUST-2523,David Rodriguez,Individual,david.rodriguez@email.com,555-5381,01/28/2023,Yes
CUST-2524,Sunrise Cafe,Business,sunrise.cafe@business.com,555-8421,01/28/2023,Yes
CUST-2525,James Hernandez,Individual,james.hernandez@email.com,555-4998,01/28/2023,Yes
CUST-2526,City Bistro,Business,city.bistro@business.com,555-6541,01/28/2023,Yes
CUST-2527,Sunrise Cafe,Business,sunrise.cafe@business.com,555-2219,01/28/2023,Yes
CUST-2528,City Bistro,Business,city.bistro@business.com,555-4319,01/28/2023,Yes
CUST-2529,Grand Grill,Business,grand.grill@business.com,555-9141,01/28/2023,Yes
CUST-2530,Jennifer Garcia,Individual,jennifer.garcia@email.com,555-8174,01/28/2023,Yes
CUST-2531,William Miller,Individual,william.miller@email.com,555-8341,01/28/2023,Yes
CUST-2532,Michael Jones,Individual,michael.jones@email.com,555-1526,01/28/2023,Yes
CUST-2533,Green Hotel,Business,green.hotel@business.com,555-6737,01/28/2023,Yes
CUST-2534,Sunrise Cafe,Business,sunrise.cafe@business.com,555-8113,01/28/2023,Yes
CUST-2535,Robert Williams,Individual,robert.williams@email.com,555-1669,01/28/2023,Yes
CUST-2536,Susan Lopez,Individual,susan.lopez@email.com,555-7742,01/28/2023,Yes
CUST-2537,City Bistro,Business,city.bistro@business.com,555-3515,01/28/2023,Yes
CUST-2538,Michael Jones,Individual,michael.jones@email.com,555-3120,01/28/2023,Yes
CUST-2539,Linda Davis,Individual,linda.davis@email.com,555-5327,01/28/2023,Yes
CUST-2540,Patricia Brown,Individual,patricia.brown@email.com,555-3965,01/28/2023,Yes
CUST-2541,Elizabeth Martinez,Individual,elizabeth.martinez@email.com,555-8506,01/28/2023,Yes
CUST-2542,Jessica Johnson,Individual,jessica.johnson@email.com,555-6340,01/28/2023,Yes
CUST-2543,Michael Jones,Individual,michael.jones@email.com,555-6071,01/28/2023,Yes
CUST-2544,Michael Jones,Individual,michael.jones@email.com,555-1393,01/28/2023,Yes
CUST-2545,Patricia Brown,Individual,patricia.brown@email.com,555-5883,01/28/2023,Yes
CUST-2546,Elizabeth Martinez,Individual,elizabeth.martinez@email.com,555-1553,01/28/2023,Yes
CUST-2547,Joseph Smith,Individual,joseph.smith@email.com,555-6736,01/28/2023,Yes
CUST-2548,Green Hotel,Business,green.hotel@business.com,555-8193,01/28/2023,Yes
CUST-2549,Robert Williams,Individual,robert.williams@email.com,555-4756,02/28/2023,Yes
CUST-2550,Happy Catering,Business,happy.catering@business.com,555-1733,02/28/2023,Yes
CUST-2551,John Williams,Individual,john.williams@email.com,555-1584,02/28/2023,Yes
CUST-2552,Susan Lopez,Individual,susan.lopez@email.com,555-9836,02/28/2023,Yes
CUST-2553,Jessica Johnson,Individual,jessica.johnson@email.com,555-7151,02/28/2023,Yes
CUST-2554,Sunrise Cafe,Business,sunrise.cafe@business.com,555-5926,02/28/2023,Yes
CUST-2555,Robert Williams,Individual,robert.williams@email.com,555-9949,02/28/2023,Yes
CUST-2556,Jennifer Garcia,Individual,jennifer.garcia@email.com,555-7791,02/28/2023,Yes
CUST-2557,Robert Williams,Individual,robert.williams@email.com,555-4890,02/28/2023,Yes
CUST-2558,James Hernandez,Individual,james.hernandez@email.com,555-7747,02/28/2023,Yes
CUST-2559,Elizabeth Martinez,Individual,elizabeth.martinez@email.com,555-5345,02/28/2023,Yes
CUST-2560,James Hernandez,Individual,james.hernandez@email.com,555-2601,02/28/2023,Yes
CUST-2561,Patricia Brown,Individual,patricia.brown@email.com,555-6689,02/28/2023,Yes
CUST-2562,Sunrise Cafe,Business,sunrise.cafe@business.com,555-6736,02/28/2023,Yes
CUST-2563,Sunrise Cafe,Business,sunrise.cafe@business.com,555-5778,02/28/2023,Yes
CUST-2564,John Williams,Individual,john.williams@email.com,555-4258,02/28/2023,Yes
CUST-2565,Mary Johnson,Individual,mary.johnson@email.com,555-2234,02/28/2023,Yes
CUST-2566,Robert Williams,Individual,robert.williams@email.com,555-7617,02/28/2023,Yes
CUST-2567,Joseph Smith,Individual,joseph.smith@email.com,555-2388,02/28/2023,Yes
CUST-2568,Elizabeth Martinez,Individual,elizabeth.martinez@email.com,555-6238,02/28/2023,Yes
CUST-2569,Jennifer Garcia,Individual,jennifer.garcia@email.com,555-6062,02/28/2023,Yes
CUST-2570,Linda Davis,Individual,linda.davis@email.com,555-6228,02/28/2023,Yes
CUST-2571,James Hernandez,Individual,james.hernandez@email.com,555-7027,02/28/2023,Yes
CUST-2572,William Miller,Individual,william.miller@email.com,555-2734,02/28/2023,Yes
CUST-2573,Robert Williams,Individual,robert.williams@email.com,555-5912,02/28/2023,Yes
CUST-2574,Green Hotel,Business,green.hotel@business.com,555-7020,02/28/2023,Yes
CUST-2575,William Miller,Individual,william.miller@email.com,555-9929,02/28/2023,Yes
CUST-2576,Mary Johnson,Individual,mary.johnson@email.com,555-3709,02/28/2023,Yes
CUST-2577,Patricia Brown,Individual,patricia.brown@email.com,555-3280,02/28/2023,Yes
CUST-2578,Patricia Brown,Individual,patricia.brown@email.com,555-2459,02/28/2023,Yes
CUST-2579,Robert Williams,Individual,robert.williams@email.com,555-7033,02/28/2023,Yes
CUST-2580,Sunrise Cafe,Business,sunrise.cafe@business.com,555-5386,02/28/2023,Yes
CUST-2581,John Williams,Individual,john.williams@email.com,555-6954,02/28/2023,Yes
CUST-2582,Mary Johnson,Individual,mary.johnson@email.com,555-9465,02/28/2023,Yes
CUST-2583,Elizabeth Martinez,Individual,elizabeth.martinez@email.com,555-7925,02/28/2023,Yes
CUST-2584,Mary Johnson,Individual,mary.johnson@email.com,555-5005,02/28/2023,Yes
CUST-2585,Robert Williams,Individual,robert.williams@email.com,555-3000,02/28/2023,Yes
CUST-2586,Robert Williams,Individual,robert.williams@email.com,555-1512,03/28/2023,Yes
CUST-2587,Jessica Johnson,Individual,jessica.johnson@email.com,555-6179,03/28/2023,Yes
CUST-2588,Michael Jones,Individual,michael.jones@email.com,555-5311,03/28/2023,Yes
CUST-2589,William Miller,Individual,william.miller@email.com,555-8251,03/28/2023,Yes
CUST-2590,Elizabeth Martinez,Individual,elizabeth.martinez@email.com,555-1725,03/28/2023,Yes
CUST-2591,David Rodriguez,Individual,david.rodriguez@email.com,555-1663,03/28/2023,Yes
CUST-2592,James Hernandez,Individual,james.hernandez@email.com,555-1228,03/28/2023,Yes
CUST-2593,Michael Jones,Individual,michael.jones@email.com,555-9111,03/28/2023,Yes
CUST-2594,David Rodriguez,Individual,david.rodriguez@email.com,555-8459,03/28/2023,Yes
CUST-2595,Green Hotel,Business,green.hotel@business.com,555-1462,03/28/2023,Yes
CUST-2596,Mary Johnson,Individual,mary.johnson@email.com,555-7358,03/28/2023,Yes
CUST-2597,John Williams,Individual,john.williams@email.com,555-3623,03/28/2023,Yes
CUST-2598,Mary Johnson,Individual,mary.johnson@email.com,555-4569,03/28/2023,Yes
CUST-2599,Robert Williams,Individual,robert.williams@email.com,555-6957,03/28/2023,Yes
CUST-2600,Jennifer Garcia,Individual,jennifer.garcia@email.com,555-6236,03/28/2023,Yes
CUST-2601,Susan Lopez,Individual,susan.lopez@email.com,555-5832,03/28/2023,Yes
CUST-2602,Linda Davis,Individual,linda.davis@email.com,555-1949,03/28/2023,Yes
CUST-2603,James Hernandez,Individual,james.hernandez@email.com,555-7154,03/28/2023,Yes
CUST-2604,Sunrise Cafe,Business,sunrise.cafe@business.com,555-8522,03/28/2023,Yes
CUST-2605,Grand Grill,Business,grand.grill@business.com,555-2047,03/28/2023,Yes
CUST-2606,Jessica Johnson,Individual,jessica.johnson@email.com,555-1201,03/28/2023,Yes
CUST-2607,Sunrise Cafe,Business,sunrise.cafe@business.com,555-2660,03/28/2023,Yes
CUST-2608,Susan Lopez,Individual,susan.lopez@email.com,555-8609,03/28/2023,Yes
CUST-2609,Green Hotel,Business,green.hotel@business.com,555-5650,03/28/2023,Yes
CUST-2610,Linda Davis,Individual,linda.davis@email.com,555-5076,03/28/2023,Yes
CUST-2611,Jessica Johnson,Individual,jessica.johnson@email.com,555-4839,03/28/2023,Yes
CUST-2612,Susan Lopez,Individual,susan.lopez@email.com,555-5989,03/28/2023,Yes
CUST-2613,Susan Lopez,Individual,susan.lopez@email.com,555-5994,03/28/2023,Yes
CUST-2614,Jennifer Garcia,Individual,jennifer.garcia@email.com,555-9786,03/28/2023,Yes
CUST-2615,Robert Williams,Individual,robert.williams@email.com,555-5245,03/28/2023,Yes
CUST-2616,Grand Grill,Business,grand.grill@business.com,555-2790,03/28/2023,Yes
CUST-2617,Elizabeth Martinez,Individual,elizabeth.martinez@email.com,555-8873,03/28/2023,Yes
CUST-2618,Jessica Johnson,Individual,jessica.johnson@email.com,555-4903,03/28/2023,Yes
CUST-2619,Joseph Smith,Individual,joseph.smith@email.com,555-6893,03/28/2023,Yes
CUST-2620,Susan Lopez,Individual,susan.lopez@email.com,555-7271,03/28/2023,Yes
CUST-2621,Susan Lopez,Individual,susan.lopez@email.com,555-1269,03/28/2023,Yes
CUST-2622,John Smith,Individual,john.smith@email.com,555-3159,03/28/2023,Yes
CUST-2623,Jessica Johnson,Individual,jessica.johnson@email.com,555-3739,03/28/2023,Yes
CUST-2624,Sunrise Cafe,Business,sunrise.cafe@business.com,555-3829,03/28/2023,Yes
CUST-2625,David Rodriguez,Individual,david.rodriguez@email.com,555-8583,03/28/2023,Yes
CUST-2626,Joseph Smith,Individual,joseph.smith@email.com,555-9607,03/28/2023,Yes
CUST-2627,Grand Grill,Business,grand.grill@business.com,555-1905,03/28/2023,Yes
CUST-2628,Happy Catering,Business,happy.catering@business.com,555-3729,03/28/2023,Yes
CUST-2629,Sunrise Cafe,Business,sunrise.cafe@business.com,555-9865,03/28/2023,Yes
CUST-2630,Robert Williams,Individual,robert.williams@email.com,555-1917,04/28/2023,Yes
CUST-2631,John Williams,Individual,john.williams@email.com,555-5666,04/28/2023,Yes
CUST-2632,James Hernandez,Individual,james.hernandez@email.com,555-8473,04/28/2023,Yes
CUST-2633,Jessica Johnson,Individual,jessica.johnson@email.com,555-5427,04/28/2023,Yes
CUST-2634,Elizabeth Martinez,Individual,elizabeth.martinez@email.com,555-2102,04/28/2023,Yes
CUST-2635,Jessica Johnson,Individual,jessica.johnson@email.com,555-7118,04/28/2023,Yes
CUST-2636,Happy Catering,Business,happy.catering@business.com,555-4398,04/28/2023,Yes
CUST-2637,Patricia Brown,Individual,patricia.brown@email.com,555-5603,04/28/2023,Yes
CUST-2638,Susan Lopez,Individual,susan.lopez@email.com,555-1145,04/28/2023,Yes
CUST-2639,Jessica Johnson,Individual,jessica.johnson@email.com,555-5237,04/28/2023,Yes
CUST-2640,Robert Williams,Individual,robert.williams@email.com,555-6299,04/28/2023,Yes
CUST-2641,Mary Johnson,Individual,mary.johnson@email.com,555-7779,04/28/2023,Yes
CUST-2642,David Rodriguez,Individual,david.rodriguez@email.com,555-2026,04/28/2023,Yes
CUST-2643,David Rodriguez,Individual,david.rodriguez@email.com,555-9020,04/28/2023,Yes
CUST-2644,Mary Johnson,Individual,mary.johnson@email.com,555-9707,04/28/2023,Yes
CUST-2645,Patricia Brown,Individual,patricia.brown@email.com,555-4923,04/28/2023,Yes
CUST-2646,Susan Lopez,Individual,susan.lopez@email.com,555-1103,04/28/2023,Yes
CUST-2647,Linda Davis,Individual,linda.davis@email.com,555-6197,04/28/2023,Yes
CUST-2648,Sunrise Cafe,Business,sunrise.cafe@business.com,555-7226,04/28/2023,Yes
CUST-2649,Michael Jones,Individual,michael.jones@email.com,555-8695,04/28/2023,Yes
CUST-2650,City Bistro,Business,city.bistro@business.com,555-1540,04/28/2023,Yes
CUST-2651,Joseph Smith,Individual,joseph.smith@email.com,555-6361,04/28/2023,Yes
CUST-2652,James Hernandez,Individual,james.hernandez@email.com,555-4025,04/28/2023,Yes
CUST-2653,Linda Davis,Individual,linda.davis@email.com,555-2248,04/28/2023,Yes
CUST-2654,Jennifer Garcia,Individual,jennifer.garcia@email.com,555-4108,04/28/2023,Yes
CUST-2655,John Williams,Individual,john.williams@email.com,555-2221,04/28/2023,Yes
CUST-2656,Jessica Johnson,Individual,jessica.johnson@email.com,555-6637,04/28/2023,Yes
CUST-2657,Susan Lopez,Individual,susan.lopez@email.com,555-4231,04/28/2023,Yes
CUST-2658,David Rodriguez,Individual,david.rodriguez@email.com,555-9718,04/28/2023,Yes
CUST-2659,City Bistro,Business,city.bistro@business.com,555-2508,04/28/2023,Yes
CUST-2660,Joseph Smith,Individual,joseph.smith@email.com,555-4205,04/28/2023,Yes
CUST-2661,William Miller,Individual,william.miller@email.com,555-5721,04/28/2023,Yes
CUST-2662,Patricia Brown,Individual,patricia.brown@email.com,555-1615,04/28/2023,Yes
CUST-2663,City Bistro,Business,city.bistro@business.com,555-4078,04/28/2023,Yes
CUST-2664,Mary Johnson,Individual,mary.johnson@email.com,555-6052,04/28/2023,Yes
CUST-2665,Michael Jones,Individual,michael.jones@email.com,555-7435,04/28/2023,Yes
CUST-2666,Elizabeth Martinez,Individual,elizabeth.martinez@email.com,555-7195,04/28/2023,Yes
CUST-2667,William Miller,Individual,william.miller@email.com,555-8154,04/28/2023,Yes
CUST-2668,Jennifer Garcia,Individual,jennifer.garcia@email.com,555-2071,04/28/2023,Yes
CUST-2669,Susan Lopez,Individual,susan.lopez@email.com,555-1088,05/28/2023,Yes
CUST-2670,James Hernandez,Individual,james.hernandez@email.com,555-5634,05/28/2023,Yes
CUST-2671,David Rodriguez,Individual,david.rodriguez@email.com,555-6776,05/28/2023,Yes
CUST-2672,Susan Lopez,Individual,susan.lopez@email.com,555-1715,05/28/2023,Yes
CUST-2673,Patricia Brown,Individual,patricia.brown@email.com,555-9910,05/28/2023,Yes
CUST-2674,Green Hotel,Business,green.hotel@business.com,555-6743,05/28/2023,Yes
CUST-2675,City Bistro,Business,city.bistro@business.com,555-1459,05/28/2023,Yes
CUST-2676,Patricia Brown,Individual,patricia.brown@email.com,555-1030,05/28/2023,Yes
CUST-2677,Michael Jones,Individual,michael.jones@email.com,555-5506,05/28/2023,Yes
CUST-2678,Elizabeth Martinez,Individual,elizabeth.martinez@email.com,555-8184,05/28/2023,Yes
CUST-2679,Grand Grill,Business,grand.grill@business.com,555-8225,05/28/2023,Yes
CUST-2680,William Miller,Individual,william.miller@email.com,555-6392,05/28/2023,Yes
CUST-2681,Robert Williams,Individual,robert.williams@email.com,555-7539,05/28/2023,Yes
CUST-2682,David Rodriguez,Individual,david.rodriguez@email.com,555-2082,05/28/2023,Yes
CUST-2683,Mary Johnson,Individual,mary.johnson@email.com,555-6966,05/28/2023,Yes
CUST-2684,Mary Johnson,Individual,mary.johnson@email.com,555-3192,05/28/2023,Yes
CUST-2685,Green Hotel,Business,green.hotel@business.com,555-8767,05/28/2023,Yes
CUST-2686,Happy Catering,Business,happy.catering@business.com,555-2749,05/28/2023,Yes
CUST-2687,Mary Johnson,Individual,mary.johnson@email.com,555-1038,05/28/2023,Yes
CUST-2688,Susan Lopez,Individual,susan.lopez@email.com,555-3338,05/28/2023,Yes
CUST-2689,Robert Williams,Individual,robert.williams@email.com,555-5758,05/28/2023,Yes
CUST-2690,Mary Johnson,Individual,mary.johnson@email.com,555-8379,05/28/2023,Yes
CUST-2691,Elizabeth Martinez,Individual,elizabeth.martinez@email.com,555-1724,05/28/2023,Yes
CUST-2692,John Williams,Individual,john.williams@email.com,555-5744,05/28/2023,Yes
CUST-2693,Patricia Brown,Individual,patricia.brown@email.com,555-3228,05/28/2023,Yes
CUST-2694,Robert Williams,Individual,robert.williams@email.com,555-6873,05/28/2023,Yes
CUST-2695,Happy Catering,Business,happy.catering@business.com,555-7901,05/28/2023,Yes
CUST-2696,Patricia Brown,Individual,patricia.brown@email.com,555-7805,05/28/2023,Yes
CUST-2697,Sunrise Cafe,Business,sunrise.cafe@business.com,555-6001,05/28/2023,Yes
CUST-2698,John Williams,Individual,john.williams@email.com,555-9248,05/28/2023,Yes
CUST-2699,City Bistro,Business,city.bistro@business.com,555-6737,05/28/2023,Yes
CUST-2700,Sunrise Cafe,Business,sunrise.cafe@business.com,555-8896,06/28/2023,Yes
CUST-2701,Jessica Johnson,Individual,jessica.johnson@email.com,555-1765,06/28/2023,Yes
CUST-2702,John Williams,Individual,john.williams@email.com,555-9789,06/28/2023,Yes
CUST-2703,Elizabeth Martinez,Individual,elizabeth.martinez@email.com,555-4264,06/28/2023,Yes
CUST-2704,Grand Grill,Business,grand.grill@business.com,555-9962,06/28/2023,Yes
CUST-2705,Jessica Johnson,Individual,jessica.johnson@email.com,555-9391,06/28/2023,Yes
CUST-2706,Jennifer Garcia,Individual,jennifer.garcia@email.com,555-7429,06/28/2023,Yes
CUST-2707,Susan Lopez,Individual,susan.lopez@email.com,555-9481,06/28/2023,Yes
CUST-2708,Linda Davis,Individual,linda.davis@email.com,555-6134,06/28/2023,Yes
CUST-2709,David Rodriguez,Individual,david.rodriguez@email.com,555-9232,06/28/2023,Yes
CUST-2710,William Miller,Individual,william.miller@email.com,555-6826,06/28/2023,Yes
CUST-2711,John Smith,Individual,john.smith@email.com,555-3218,06/28/2023,Yes
CUST-2712,William Miller,Individual,william.miller@email.com,555-1900,06/28/2023,Yes
CUST-2713,City Bistro,Business,city.bistro@business.com,555-5749,06/28/2023,Yes
CUST-2714,City Bistro,Business,city.bistro@business.com,555-9735,06/28/2023,Yes
CUST-2715,Susan Lopez,Individual,susan.lopez@email.com,555-8438,06/28/2023,Yes
CUST-2716,John Williams,Individual,john.williams@email.com,555-8068,06/28/2023,Yes
CUST-2717,William Miller,Individual,william.miller@email.com,555-7114,06/28/2023,Yes
CUST-2718,Mary Johnson,Individual,mary.johnson@email.com,555-5518,06/28/2023,Yes
CUST-2719,Susan Lopez,Individual,susan.lopez@email.com,555-2191,06/28/2023,Yes
CUST-2720,Elizabeth Martinez,Individual,elizabeth.martinez@email.com,555-2683,06/28/2023,Yes
CUST-2721,Linda Davis,Individual,linda.davis@email.com,555-2422,06/28/2023,Yes
CUST-2722,John Williams,Individual,john.williams@email.com,555-3465,06/28/2023,Yes
CUST-2723,Patricia Brown,Individual,patricia.brown@email.com,555-3813,06/28/2023,Yes
CUST-2724,James Hernandez,Individual,james.hernandez@email.com,555-1426,06/28/2023,Yes
CUST-2725,Jennifer Garcia,Individual,jennifer.garcia@email.com,555-8202,06/28/2023,Yes
CUST-2726,William Miller,Individual,william.miller@email.com,555-9899,06/28/2023,Yes
CUST-2727,Jennifer Garcia,Individual,jennifer.garcia@email.com,555-1574,06/28/2023,Yes
CUST-2728,Green Hotel,Business,green.hotel@business.com,555-5143,06/28/2023,Yes
CUST-2729,Robert Williams,Individual,robert.williams@email.com,555-8490,06/28/2023,Yes
CUST-2730,Mary Johnson,Individual,mary.johnson@email.com,555-8441,06/28/2023,Yes
CUST-2731,Patricia Brown,Individual,patricia.brown@email.com,555-8373,06/28/2023,Yes
CUST-2732,Sunrise Cafe,Business,sunrise.cafe@business.com,555-7354,06/28/2023,Yes
CUST-2733,Michael Jones,Individual,michael.jones@email.com,555-9907,06/28/2023,Yes
CUST-2734,John Williams,Individual,john.williams@email.com,555-5564,06/28/2023,Yes
CUST-2735,Sunrise Cafe,Business,sunrise.cafe@business.com,555-3283,06/28/2023,Yes
CUST-2736,Susan Lopez,Individual,susan.lopez@email.com,555-3998,06/28/2023,Yes
CUST-2737,James Hernandez,Individual,james.hernandez@email.com,555-4262,06/28/2023,Yes
CUST-2738,James Hernandez,Individual,james.hernandez@email.com,555-6620,06/28/2023,Yes
CUST-2739,Jessica Johnson,Individual,jessica.johnson@email.com,555-9187,06/28/2023,Yes
CUST-2740,Jessica Johnson,Individual,jessica.johnson@email.com,555-9159,06/28/2023,Yes
CUST-2741,David Rodriguez,Individual,david.rodriguez@email.com,555-5354,06/28/2023,Yes
CUST-2742,William Miller,Individual,william.miller@email.com,555-6633,06/28/2023,Yes
CUST-2743,Patricia Brown,Individual,patricia.brown@email.com,555-1838,06/28/2023,Yes
CUST-2744,Happy Catering,Business,happy.catering@business.com,555-2975,06/28/2023,Yes
CUST-2745,Joseph Smith,Individual,joseph.smith@email.com,555-9717,06/28/2023,Yes
CUST-2746,David Rodriguez,Individual,david.rodriguez@email.com,555-3779,06/28/2023,Yes
CUST-2747,James Hernandez,Individual,james.hernandez@email.com,555-1514,06/28/2023,Yes
CUST-2748,David Rodriguez,Individual,david.rodriguez@email.com,555-3225,06/28/2023,Yes
CUST-2749,Mary Johnson,Individual,mary.johnson@email.com,555-1112,06/28/2023,Yes
CUST-2750,Sunrise Cafe,Business,sunrise.cafe@business.com,555-6800,07/28/2023,Yes
CUST-2751,Elizabeth Martinez,Individual,elizabeth.martinez@email.com,555-3506,07/28/2023,Yes
CUST-2752,Sunrise Cafe,Business,sunrise.cafe@business.com,555-1212,07/28/2023,Yes
CUST-2753,Elizabeth Martinez,Individual,elizabeth.martinez@email.com,555-9414,07/28/2023,Yes
CUST-2754,John Williams,Individual,john.williams@email.com,555-8873,07/28/2023,Yes
CUST-2755,John Williams,Individual,john.williams@email.com,555-4914,07/28/2023,Yes
CUST-2756,Joseph Smith,Individual,joseph.smith@email.com,555-7914,07/28/2023,Yes
CUST-2757,Susan Lopez,Individual,susan.lopez@email.com,555-7593,07/28/2023,Yes
CUST-2758,Patricia Brown,Individual,patricia.brown@email.com,555-4463,07/28/2023,Yes
CUST-2759,Jennifer Garcia,Individual,jennifer.garcia@email.com,555-4448,07/28/2023,Yes
CUST-2760,James Hernandez,Individual,james.hernandez@email.com,555-3223,07/28/2023,Yes
CUST-2761,Grand Grill,Business,grand.grill@business.com,555-6358,07/28/2023,Yes
CUST-2762,Linda Davis,Individual,linda.davis@email.com,555-2150,07/28/2023,Yes
CUST-2763,Elizabeth Martinez,Individual,elizabeth.martinez@email.com,555-9688,07/28/2023,Yes
CUST-2764,Grand Grill,Business,grand.grill@business.com,555-4630,07/28/2023,Yes
CUST-2765,Elizabeth Martinez,Individual,elizabeth.martinez@email.com,555-1786,07/28/2023,Yes
CUST-2766,James Hernandez,Individual,james.hernandez@email.com,555-5459,07/28/2023,Yes
CUST-2767,Green Hotel,Business,green.hotel@business.com,555-4038,07/28/2023,Yes
CUST-2768,David Rodriguez,Individual,david.rodriguez@email.com,555-2530,07/28/2023,Yes
CUST-2769,City Bistro,Business,city.bistro@business.com,555-8380,07/28/2023,Yes
CUST-2770,Mary Johnson,Individual,mary.johnson@email.com,555-1543,07/28/2023,Yes
CUST-2771,Happy Catering,Business,happy.catering@business.com,555-7728,07/28/2023,Yes
CUST-2772,William Miller,Individual,william.miller@email.com,555-4675,07/28/2023,Yes
CUST-2773,Mary Johnson,Individual,mary.johnson@email.com,555-4746,07/28/2023,Yes
CUST-2774,James Hernandez,Individual,james.hernandez@email.com,555-9418,07/28/2023,Yes
CUST-2775,Michael Jones,Individual,michael.jones@email.com,555-2025,07/28/2023,Yes
CUST-2776,John Williams,Individual,john.williams@email.com,555-6550,07/28/2023,Yes
CUST-2777,Happy Catering,Business,happy.catering@business.com,555-6030,07/28/2023,Yes
CUST-2778,Susan Lopez,Individual,susan.lopez@email.com,555-8156,07/28/2023,Yes
CUST-2779,Jessica Johnson,Individual,jessica.johnson@email.com,555-6589,07/28/2023,Yes
CUST-2780,Mary Johnson,Individual,mary.johnson@email.com,555-6955,07/28/2023,Yes
CUST-2781,Robert Williams,Individual,robert.williams@email.com,555-9945,07/28/2023,Yes
CUST-2782,Jessica Johnson,Individual,jessica.johnson@email.com,555-7275,07/28/2023,Yes
CUST-2783,Patricia Brown,Individual,patricia.brown@email.com,555-6111,07/28/2023,Yes
CUST-2784,James Hernandez,Individual,james.hernandez@email.com,555-4173,07/28/2023,Yes
CUST-2785,City Bistro,Business,city.bistro@business.com,555-4714,07/28/2023,Yes
CUST-2786,Linda Davis,Individual,linda.davis@email.com,555-8409,07/28/2023,Yes
CUST-2787,Susan Lopez,Individual,susan.lopez@email.com,555-8057,07/28/2023,Yes
CUST-2788,Elizabeth Martinez,Individual,elizabeth.martinez@email.com,555-6797,07/28/2023,Yes
CUST-2789,City Bistro,Business,city.bistro@business.com,555-6933,07/28/2023,Yes
CUST-2790,Robert Williams,Individual,robert.williams@email.com,555-7633,07/28/2023,Yes
CUST-2791,City Bistro,Business,city.bistro@business.com,555-5622,07/28/2023,Yes
CUST-2792,David Rodriguez,Individual,david.rodriguez@email.com,555-1395,07/28/2023,Yes
CUST-2793,Robert Williams,Individual,robert.williams@email.com,555-8043,07/28/2023,Yes
CUST-2794,Joseph Smith,Individual,joseph.smith@email.com,555-4027,08/28/2023,Yes
CUST-2795,Joseph Smith,Individual,joseph.smith@email.com,555-7165,08/28/2023,Yes
CUST-2796,Mary Johnson,Individual,mary.johnson@email.com,555-5431,08/28/2023,Yes
CUST-2797,John Smith,Individual,john.smith@email.com,555-6668,08/28/2023,Yes
CUST-2798,David Rodriguez,Individual,david.rodriguez@email.com,555-2535,08/28/2023,Yes
CUST-2799,James Hernandez,Individual,james.hernandez@email.com,555-2877,08/28/2023,Yes
CUST-2800,Jessica Johnson,Individual,jessica.johnson@email.com,555-7880,08/28/2023,Yes
CUST-2801,Susan Lopez,Individual,susan.lopez@email.com,555-8006,08/28/2023,Yes
CUST-2802,Happy Catering,Business,happy.catering@business.com,555-2081,08/28/2023,Yes
CUST-2803,Mary Johnson,Individual,mary.johnson@email.com,555-7922,08/28/2023,Yes
CUST-2804,David Rodriguez,Individual,david.rodriguez@email.com,555-9667,08/28/2023,Yes
CUST-2805,Green Hotel,Business,green.hotel@business.com,555-7381,08/28/2023,Yes
CUST-2806,Joseph Smith,Individual,joseph.smith@email.com,555-5651,08/28/2023,Yes
CUST-2807,Grand Grill,Business,grand.grill@business.com,555-9096,08/28/2023,Yes
CUST-2808,Linda Davis,Individual,linda.davis@email.com,555-6790,08/28/2023,Yes
CUST-2809,Jessica Johnson,Individual,jessica.johnson@email.com,555-4049,08/28/2023,Yes
CUST-2810,Elizabeth Martinez,Individual,elizabeth.martinez@email.com,555-9932,08/28/2023,Yes
CUST-2811,Green Hotel,Business,green.hotel@business.com,555-7280,08/28/2023,Yes
CUST-2812,Patricia Brown,Individual,patricia.brown@email.com,555-1437,08/28/2023,Yes
CUST-2813,City Bistro,Business,city.bistro@business.com,555-7556,08/28/2023,Yes
CUST-2814,James Hernandez,Individual,james.hernandez@email.com,555-9655,08/28/2023,Yes
CUST-2815,Patricia Brown,Individual,patricia.brown@email.com,555-2558,08/28/2023,Yes
CUST-2816,David Rodriguez,Individual,david.rodriguez@email.com,555-1369,08/28/2023,Yes
CUST-2817,James Hernandez,Individual,james.hernandez@email.com,555-4057,08/28/2023,Yes
CUST-2818,Jennifer Garcia,Individual,jennifer.garcia@email.com,555-6771,08/28/2023,Yes
CUST-2819,Sunrise Cafe,Business,sunrise.cafe@business.com,555-6245,08/28/2023,Yes
CUST-2820,John Williams,Individual,john.williams@email.com,555-5378,08/28/2023,Yes
CUST-2821,Elizabeth Martinez,Individual,elizabeth.martinez@email.com,555-5008,08/28/2023,Yes
CUST-2822,Jessica Johnson,Individual,jessica.johnson@email.com,555-2574,08/28/2023,Yes
CUST-2823,Happy Catering,Business,happy.catering@business.com,555-4372,08/28/2023,Yes
CUST-2824,Michael Jones,Individual,michael.jones@email.com,555-6887,08/28/2023,Yes
CUST-2825,City Bistro,Business,city.bistro@business.com,555-8568,08/28/2023,Yes
CUST-2826,Jessica Johnson,Individual,jessica.johnson@email.com,555-8830,08/28/2023,Yes
CUST-2827,Robert Williams,Individual,robert.williams@email.com,555-8427,08/28/2023,Yes
CUST-2828,James Hernandez,Individual,james.hernandez@email.com,555-6011,08/28/2023,Yes
CUST-2829,Elizabeth Martinez,Individual,elizabeth.martinez@email.com,555-2100,08/28/2023,Yes
CUST-2830,City Bistro,Business,city.bistro@business.com,555-5398,08/28/2023,Yes
CUST-2831,James Hernandez,Individual,james.hernandez@email.com,555-5088,08/28/2023,Yes
CUST-2832,Grand Grill,Business,grand.grill@business.com,555-6069,08/28/2023,Yes
CUST-2833,Happy Catering,Business,happy.catering@business.com,555-6343,08/28/2023,Yes
CUST-2834,Patricia Brown,Individual,patricia.brown@email.com,555-2582,08/28/2023,Yes
CUST-2835,William Miller,Individual,william.miller@email.com,555-3099,08/28/2023,Yes
CUST-2836,Elizabeth Martinez,Individual,elizabeth.martinez@email.com,555-6902,08/28/2023,Yes
CUST-2837,Patricia Brown,Individual,patricia.brown@email.com,555-6447,09/28/2023,Yes
CUST-2838,James Hernandez,Individual,james.hernandez@email.com,555-4200,09/28/2023,Yes
CUST-2839,Linda Davis,Individual,linda.davis@email.com,555-9468,09/28/2023,Yes
CUST-2840,David Rodriguez,Individual,david.rodriguez@email.com,555-5283,09/28/2023,Yes
CUST-2841,Happy Catering,Business,happy.catering@business.com,555-5979,09/28/2023,Yes
CUST-2842,Sunrise Cafe,Business,sunrise.cafe@business.com,555-2659,09/28/2023,Yes
CUST-2843,James Hernandez,Individual,james.hernandez@email.com,555-5127,09/28/2023,Yes
CUST-2844,Robert Williams,Individual,robert.williams@email.com,555-3466,09/28/2023,Yes
CUST-2845,Susan Lopez,Individual,susan.lopez@email.com,555-8041,09/28/2023,Yes
CUST-2846,Linda Davis,Individual,linda.davis@email.com,555-9528,09/28/2023,Yes
CUST-2847,James Hernandez,Individual,james.hernandez@email.com,555-8745,09/28/2023,Yes
CUST-2848,Happy Catering,Business,happy.catering@business.com,555-4387,09/28/2023,Yes
CUST-2849,Joseph Smith,Individual,joseph.smith@email.com,555-4901,09/28/2023,Yes
CUST-2850,Michael Jones,Individual,michael.jones@email.com,555-8867,09/28/2023,Yes
CUST-2851,David Rodriguez,Individual,david.rodriguez@email.com,555-6819,09/28/2023,Yes
CUST-2852,Joseph Smith,Individual,joseph.smith@email.com,555-5554,09/28/2023,Yes
CUST-2853,Susan Lopez,Individual,susan.lopez@email.com,555-9932,09/28/2023,Yes
CUST-2854,Linda Davis,Individual,linda.davis@email.com,555-9538,09/28/2023,Yes
CUST-2855,Sunrise Cafe,Business,sunrise.cafe@business.com,555-8444,09/28/2023,Yes
CUST-2856,Patricia Brown,Individual,patricia.brown@email.com,555-5689,09/28/2023,Yes
CUST-2857,Patricia Brown,Individual,patricia.brown@email.com,555-1841,09/28/2023,Yes
CUST-2858,Michael Jones,Individual,michael.jones@email.com,555-8076,09/28/2023,Yes
CUST-2859,Mary Johnson,Individual,mary.johnson@email.com,555-8136,09/28/2023,Yes
CUST-2860,Green Hotel,Business,green.hotel@business.com,555-9915,09/28/2023,Yes
CUST-2861,Happy Catering,Business,happy.catering@business.com,555-6016,09/28/2023,Yes
CUST-2862,Robert Williams,Individual,robert.williams@email.com,555-5925,09/28/2023,Yes
CUST-2863,Jennifer Garcia,Individual,jennifer.garcia@email.com,555-8634,09/28/2023,Yes
CUST-2864,Elizabeth Martinez,Individual,elizabeth.martinez@email.com,555-3994,09/28/2023,Yes
CUST-2865,James Hernandez,Individual,james.hernandez@email.com,555-4668,09/28/2023,Yes
CUST-2866,Grand Grill,Business,grand.grill@business.com,555-3874,09/28/2023,Yes
CUST-2867,David Rodriguez,Individual,david.rodriguez@email.com,555-4106,10/28/2023,Yes
CUST-2868,Grand Grill,Business,grand.grill@business.com,555-6844,10/28/2023,Yes
CUST-2869,John Smith,Individual,john.smith@email.com,555-6687,10/28/2023,Yes
CUST-2870,Happy Catering,Business,happy.catering@business.com,555-7710,10/28/2023,Yes
CUST-2871,Michael Jones,Individual,michael.jones@email.com,555-1227,10/28/2023,Yes
CUST-2872,Jennifer Garcia,Individual,jennifer.garcia@email.com,555-9472,10/28/2023,Yes
CUST-2873,John Williams,Individual,john.williams@email.com,555-2066,10/28/2023,Yes
CUST-2874,David Rodriguez,Individual,david.rodriguez@email.com,555-4938,10/28/2023,Yes
CUST-2875,William Miller,Individual,william.miller@email.com,555-3184,10/28/2023,Yes
CUST-2876,Jennifer Garcia,Individual,jennifer.garcia@email.com,555-6149,10/28/2023,Yes
CUST-2877,William Miller,Individual,william.miller@email.com,555-6285,10/28/2023,Yes
CUST-2878,Joseph Smith,Individual,joseph.smith@email.com,555-2709,10/28/2023,Yes
CUST-2879,Green Hotel,Business,green.hotel@business.com,555-8887,10/28/2023,Yes
CUST-2880,Grand Grill,Business,grand.grill@business.com,555-4041,10/28/2023,Yes
CUST-2881,Jessica Johnson,Individual,jessica.johnson@email.com,555-4272,10/28/2023,Yes
CUST-2882,Joseph Smith,Individual,joseph.smith@email.com,555-6968,10/28/2023,Yes
CUST-2883,Happy Catering,Business,happy.catering@business.com,555-5132,10/28/2023,Yes
CUST-2884,Susan Lopez,Individual,susan.lopez@email.com,555-9769,10/28/2023,Yes
CUST-2885,John Smith,Individual,john.smith@email.com,555-8840,10/28/2023,Yes
CUST-2886,Susan Lopez,Individual,susan.lopez@email.com,555-7813,10/28/2023,Yes
CUST-2887,Linda Davis,Individual,linda.davis@email.com,555-8057,10/28/2023,Yes
CUST-2888,Robert Williams,Individual,robert.williams@email.com,555-8007,10/28/2023,Yes
CUST-2889,Robert Williams,Individual,robert.williams@email.com,555-6839,10/28/2023,Yes
CUST-2890,Susan Lopez,Individual,susan.lopez@email.com,555-3910,10/28/2023,Yes
CUST-2891,Patricia Brown,Individual,patricia.brown@email.com,555-3980,10/28/2023,Yes
CUST-2892,Happy Catering,Business,happy.catering@business.com,555-6519,10/28/2023,Yes
CUST-2893,Grand Grill,Business,grand.grill@business.com,555-9066,10/28/2023,Yes
CUST-2894,City Bistro,Business,city.bistro@business.com,555-7522,10/28/2023,Yes
CUST-2895,Jessica Johnson,Individual,jessica.johnson@email.com,555-2695,10/28/2023,Yes
CUST-2896,Mary Johnson,Individual,mary.johnson@email.com,555-5989,10/28/2023,Yes
CUST-2897,Mary Johnson,Individual,mary.johnson@email.com,555-9199,10/28/2023,Yes
CUST-2898,John Williams,Individual,john.williams@email.com,555-7529,10/28/2023,Yes
CUST-2899,Elizabeth Martinez,Individual,elizabeth.martinez@email.com,555-6505,10/28/2023,Yes
CUST-2900,John Williams,Individual,john.williams@email.com,555-7032,10/28/2023,Yes
CUST-2901,William Miller,Individual,william.miller@email.com,555-7850,10/28/2023,Yes
CUST-2902,Grand Grill,Business,grand.grill@business.com,555-8355,10/28/2023,Yes
CUST-2903,David Rodriguez,Individual,david.rodriguez@email.com,555-3594,10/28/2023,Yes
CUST-2904,Jessica Johnson,Individual,jessica.johnson@email.com,555-3845,10/28/2023,Yes
CUST-2905,James Hernandez,Individual,james.hernandez@email.com,555-5726,10/28/2023,Yes
CUST-2906,David Rodriguez,Individual,david.rodriguez@email.com,555-9467,10/28/2023,Yes
CUST-2907,William Miller,Individual,william.miller@email.com,555-6951,10/28/2023,Yes
CUST-2908,Robert Williams,Individual,robert.williams@email.com,555-8370,10/28/2023,Yes
CUST-2909,Linda Davis,Individual,linda.davis@email.com,555-6275,10/28/2023,Yes
CUST-2910,Sunrise Cafe,Business,sunrise.cafe@business.com,555-8362,10/28/2023,Yes
CUST-2911,James Hernandez,Individual,james.hernandez@email.com,555-7567,10/28/2023,Yes
CUST-2912,Jennifer Garcia,Individual,jennifer.garcia@email.com,555-3210,10/28/2023,Yes
CUST-2913,James Hernandez,Individual,james.hernandez@email.com,555-4749,10/28/2023,Yes
CUST-2914,Michael Jones,Individual,michael.jones@email.com,555-2997,10/28/2023,Yes
CUST-2915,Elizabeth Martinez,Individual,elizabeth.martinez@email.com,555-3918,10/28/2023,Yes
CUST-2916,Michael Jones,Individual,michael.jones@email.com,555-3660,11/28/2023,Yes
CUST-2917,Jessica Johnson,Individual,jessica.johnson@email.com,555-6085,11/28/2023,Yes
CUST-2918,Elizabeth Martinez,Individual,elizabeth.martinez@email.com,555-2141,11/28/2023,Yes
CUST-2919,Jessica Johnson,Individual,jessica.johnson@email.com,555-2624,11/28/2023,Yes
CUST-2920,Michael Jones,Individual,michael.jones@email.com,555-1765,11/28/2023,Yes
CUST-2921,Robert Williams,Individual,robert.williams@email.com,555-3153,11/28/2023,Yes
CUST-2922,Elizabeth Martinez,Individual,elizabeth.martinez@email.com,555-7268,11/28/2023,Yes
CUST-2923,Susan Lopez,Individual,susan.lopez@email.com,555-5806,11/28/2023,Yes
CUST-2924,City Bistro,Business,city.bistro@business.com,555-2165,11/28/2023,Yes
CUST-2925,Linda Davis,Individual,linda.davis@email.com,555-3073,11/28/2023,Yes
CUST-2926,John Williams,Individual,john.williams@email.com,555-7437,11/28/2023,Yes
CUST-2927,Happy Catering,Business,happy.catering@business.com,555-7342,11/28/2023,Yes
CUST-2928,Jennifer Garcia,Individual,jennifer.garcia@email.com,555-9577,11/28/2023,Yes
CUST-2929,Susan Lopez,Individual,susan.lopez@email.com,555-9435,11/28/2023,Yes
CUST-2930,Sunrise Cafe,Business,sunrise.cafe@business.com,555-4914,11/28/2023,Yes
CUST-2931,City Bistro,Business,city.bistro@business.com,555-7192,11/28/2023,Yes
CUST-2932,Joseph Smith,Individual,joseph.smith@email.com,555-9640,11/28/2023,Yes
CUST-2933,Patricia Brown,Individual,patricia.brown@email.com,555-3034,11/28/2023,Yes
CUST-2934,John Smith,Individual,john.smith@email.com,555-8972,11/28/2023,Yes
CUST-2935,James Hernandez,Individual,james.hernandez@email.com,555-8405,11/28/2023,Yes
CUST-2936,Jessica Johnson,Individual,jessica.johnson@email.com,555-2073,11/28/2023,Yes
CUST-2937,Grand Grill,Business,grand.grill@business.com,555-9292,11/28/2023,Yes
CUST-2938,David Rodriguez,Individual,david.rodriguez@email.com,555-3839,11/28/2023,Yes
CUST-2939,James Hernandez,Individual,james.hernandez@email.com,555-7697,11/28/2023,Yes
CUST-2940,Susan Lopez,Individual,susan.lopez@email.com,555-3217,11/28/2023,Yes
CUST-2941,Grand Grill,Business,grand.grill@business.com,555-6870,11/28/2023,Yes
CUST-2942,Elizabeth Martinez,Individual,elizabeth.martinez@email.com,555-5617,11/28/2023,Yes
CUST-2943,Robert Williams,Individual,robert.williams@email.com,555-3409,11/28/2023,Yes
CUST-2944,John Williams,Individual,john.williams@email.com,555-4673,11/28/2023,Yes
CUST-2945,David Rodriguez,Individual,david.rodriguez@email.com,555-9140,11/28/2023,Yes
CUST-2946,Jennifer Garcia,Individual,jennifer.garcia@email.com,555-3009,11/28/2023,Yes
CUST-2947,James Hernandez,Individual,james.hernandez@email.com,555-4443,12/28/2023,Yes
CUST-2948,Happy Catering,Business,happy.catering@business.com,555-8104,12/28/2023,Yes
CUST-2949,Susan Lopez,Individual,susan.lopez@email.com,555-8318,12/28/2023,Yes
CUST-2950,Linda Davis,Individual,linda.davis@email.com,555-3301,12/28/2023,Yes
CUST-2951,Elizabeth Martinez,Individual,elizabeth.martinez@email.com,555-3144,12/28/2023,Yes
CUST-2952,Elizabeth Martinez,Individual,elizabeth.martinez@email.com,555-9388,12/28/2023,Yes
CUST-2953,James Hernandez,Individual,james.hernandez@email.com,555-1428,12/28/2023,Yes
CUST-2954,Michael Jones,Individual,michael.jones@email.com,555-4552,12/28/2023,Yes
CUST-2955,Mary Johnson,Individual,mary.johnson@email.com,555-1325,12/28/2023,Yes
CUST-2956,John Smith,Individual,john.smith@email.com,555-9616,12/28/2023,Yes
CUST-2957,Joseph Smith,Individual,joseph.smith@email.com,555-4038,12/28/2023,Yes
CUST-2958,Patricia Brown,Individual,patricia.brown@email.com,555-3200,12/28/2023,Yes
CUST-2959,Linda Davis,Individual,linda.davis@email.com,555-8706,12/28/2023,Yes
CUST-2960,Jennifer Garcia,Individual,jennifer.garcia@email.com,555-3858,12/28/2023,Yes
CUST-2961,David Rodriguez,Individual,david.rodriguez@email.com,555-8842,12/28/2023,Yes
CUST-2962,Michael Jones,Individual,michael.jones@email.com,555-8693,12/28/2023,Yes
CUST-2963,David Rodriguez,Individual,david.rodriguez@email.com,555-6478,12/28/2023,Yes
CUST-2964,Jennifer Garcia,Individual,jennifer.garcia@email.com,555-4928,12/28/2023,Yes
CUST-2965,Joseph Smith,Individual,joseph.smith@email.com,555-3147,12/28/2023,Yes
CUST-2966,Mary Johnson,Individual,mary.johnson@email.com,555-3376,12/28/2023,Yes
CUST-2967,Jessica Johnson,Individual,jessica.johnson@email.com,555-9502,12/28/2023,Yes
CUST-2968,Jessica Johnson,Individual,jessica.johnson@email.com,555-6395,12/28/2023,Yes
CUST-2969,Green Hotel,Business,green.hotel@business.com,555-6742,12/28/2023,Yes
CUST-2970,Patricia Brown,Individual,patricia.brown@email.com,555-8662,12/28/2023,Yes
CUST-2971,John Williams,Individual,john.williams@email.com,555-2120,12/28/2023,Yes
CUST-2972,Elizabeth Martinez,Individual,elizabeth.martinez@email.com,555-8167,12/28/2023,Yes
CUST-2973,Jennifer Garcia,Individual,jennifer.garcia@email.com,555-9514,12/28/2023,Yes
CUST-2974,Jessica Johnson,Individual,jessica.johnson@email.com,555-5093,12/28/2023,Yes
CUST-2975,Susan Lopez,Individual,susan.lopez@email.com,555-1526,12/28/2023,Yes
CUST-2976,Grand Grill,Business,grand.grill@business.com,555-1345,12/28/2023,Yes
CUST-2977,Patricia Brown,Individual,patricia.brown@email.com,555-6622,12/28/2023,Yes
CUST-2978,Robert Williams,Individual,robert.williams@email.com,555-7620,12/28/2023,Yes
CUST-2979,Patricia Brown,Individual,patricia.brown@email.com,555-3703,12/28/2023,Yes
CUST-2980,Elizabeth Martinez,Individual,elizabeth.martinez@email.com,555-9340,12/28/2023,Yes
CUST-2981,Jessica Johnson,Individual,jessica.johnson@email.com,555-6094,12/28/2023,Yes
CUST-2982,City Bistro,Business,city.bistro@business.com,555-7396,12/28/2023,Yes
CUST-2983,Jennifer Garcia,Individual,jennifer.garcia@email.com,555-4569,12/28/2023,Yes
CUST-2984,John Williams,Individual,john.williams@email.com,555-4094,01/28/2024,Yes
CUST-2985,Grand Grill,Business,grand.grill@business.com,555-9835,01/28/2024,Yes
CUST-2986,Jennifer Garcia,Individual,jennifer.garcia@email.com,555-4157,01/28/2024,Yes
CUST-2987,Jennifer Garcia,Individual,jennifer.garcia@email.com,555-4287,01/28/2024,Yes
CUST-2988,Susan Lopez,Individual,susan.lopez@email.com,555-8105,01/28/2024,Yes
CUST-2989,Robert Williams,Individual,robert.williams@email.com,555-5007,01/28/2024,Yes
CUST-2990,Linda Davis,Individual,linda.davis@email.com,555-8558,01/28/2024,Yes
CUST-2991,Grand Grill,Business,grand.grill@business.com,555-1458,01/28/2024,Yes
CUST-2992,Patricia Brown,Individual,patricia.brown@email.com,555-1173,01/28/2024,Yes
CUST-2993,Jessica Johnson,Individual,jessica.johnson@email.com,555-4492,01/28/2024,Yes
CUST-2994,Joseph Smith,Individual,joseph.smith@email.com,555-7600,01/28/2024,Yes
CUST-2995,Susan Lopez,Individual,susan.lopez@email.com,555-9147,01/28/2024,Yes
CUST-2996,Sunrise Cafe,Business,sunrise.cafe@business.com,555-2762,01/28/2024,Yes
CUST-2997,Michael Jones,Individual,michael.jones@email.com,555-1180,01/28/2024,Yes
CUST-2998,Jennifer Garcia,Individual,jennifer.garcia@email.com,555-2134,01/28/2024,Yes
CUST-2999,Susan Lopez,Individual,susan.lopez@email.com,555-3276,01/28/2024,Yes
CUST-3000,William Miller,Individual,william.miller@email.com,555-7220,01/28/2024,Yes
CUST-3001,James Hernandez,Individual,james.hernandez@email.com,555-4087,01/28/2024,Yes
CUST-3002,William Miller,Individual,william.miller@email.com,555-7041,01/28/2024,Yes
CUST-3003,Jessica Johnson,Individual,jessica.johnson@email.com,555-6774,01/28/2024,Yes
CUST-3004,John Williams,Individual,john.williams@email.com,555-9037,01/28/2024,Yes
CUST-3005,City Bistro,Business,city.bistro@business.com,555-9853,01/28/2024,Yes
CUST-3006,Joseph Smith,Individual,joseph.smith@email.com,555-8738,01/28/2024,Yes
CUST-3007,Linda Davis,Individual,linda.davis@email.com,555-9731,01/28/2024,Yes
CUST-3008,Elizabeth Martinez,Individual,elizabeth.martinez@email.com,555-9853,01/28/2024,Yes
CUST-3009,John Smith,Individual,john.smith@email.com,555-4823,01/28/2024,Yes
CUST-3010,David Rodriguez,Individual,david.rodriguez@email.com,555-1175,01/28/2024,Yes
CUST-3011,Elizabeth Martinez,Individual,elizabeth.martinez@email.com,555-1739,01/28/2024,Yes
CUST-3012,Robert Williams,Individual,robert.williams@email.com,555-2940,01/28/2024,Yes
CUST-3013,Jennifer Garcia,Individual,jennifer.garcia@email.com,555-2604,01/28/2024,Yes
CUST-3014,Patricia Brown,Individual,patricia.brown@email.com,555-6793,01/28/2024,Yes
CUST-3015,Grand Grill,Business,grand.grill@business.com,555-8966,01/28/2024,Yes
CUST-3016,Robert Williams,Individual,robert.williams@email.com,555-5301,01/28/2024,Yes
CUST-3017,Elizabeth Martinez,Individual,elizabeth.martinez@email.com,555-7648,01/28/2024,Yes
CUST-3018,Robert Williams,Individual,robert.williams@email.com,555-7590,01/28/2024,Yes
CUST-3019,Jennifer Garcia,Individual,jennifer.garcia@email.com,555-6657,01/28/2024,Yes
CUST-3020,John Williams,Individual,john.williams@email.com,555-6626,01/28/2024,Yes
CUST-3021,Robert Williams,Individual,robert.williams@email.com,555-7422,01/28/2024,Yes
CUST-3022,Jennifer Garcia,Individual,jennifer.garcia@email.com,555-3152,01/28/2024,Yes
CUST-3023,Patricia Brown,Individual,patricia.brown@email.com,555-5418,01/28/2024,Yes
CUST-3024,Joseph Smith,Individual,joseph.smith@email.com,555-3428,02/28/2024,Yes
CUST-3025,Linda Davis,Individual,linda.davis@email.com,555-7596,02/28/2024,Yes
CUST-3026,Jennifer Garcia,Individual,jennifer.garcia@email.com,555-3011,02/28/2024,Yes
CUST-3027,Robert Williams,Individual,robert.williams@email.com,555-6877,02/28/2024,Yes
CUST-3028,Jennifer Garcia,Individual,jennifer.garcia@email.com,555-6129,02/28/2024,Yes
CUST-3029,Mary Johnson,Individual,mary.johnson@email.com,555-3928,02/28/2024,Yes
CUST-3030,Mary Johnson,Individual,mary.johnson@email.com,555-5657,02/28/2024,Yes
CUST-3031,Jennifer Garcia,Individual,jennifer.garcia@email.com,555-7296,02/28/2024,Yes
CUST-3032,John Williams,Individual,john.williams@email.com,555-2699,02/28/2024,Yes
CUST-3033,Elizabeth Martinez,Individual,elizabeth.martinez@email.com,555-9416,02/28/2024,Yes
CUST-3034,Jessica Johnson,Individual,jessica.johnson@email.com,555-7734,02/28/2024,Yes
CUST-3035,Michael Jones,Individual,michael.jones@email.com,555-1358,02/28/2024,Yes
CUST-3036,Jessica Johnson,Individual,jessica.johnson@email.com,555-6659,02/28/2024,Yes
CUST-3037,Joseph Smith,Individual,joseph.smith@email.com,555-6544,02/28/2024,Yes
CUST-3038,Happy Catering,Business,happy.catering@business.com,555-3495,02/28/2024,Yes
CUST-3039,Sunrise Cafe,Business,sunrise.cafe@business.com,555-9606,02/28/2024,Yes
CUST-3040,Linda Davis,Individual,linda.davis@email.com,555-8956,02/28/2024,Yes
CUST-3041,Grand Grill,Business,grand.grill@business.com,555-8236,02/28/2024,Yes
CUST-3042,Patricia Brown,Individual,patricia.brown@email.com,555-7827,02/28/2024,Yes
CUST-3043,Michael Jones,Individual,michael.jones@email.com,555-2082,02/28/2024,Yes
CUST-3044,Mary Johnson,Individual,mary.johnson@email.com,555-1816,02/28/2024,Yes
CUST-3045,Green Hotel,Business,green.hotel@business.com,555-9585,02/28/2024,Yes
CUST-3046,Green Hotel,Business,green.hotel@business.com,555-9236,02/28/2024,Yes
CUST-3047,Sunrise Cafe,Business,sunrise.cafe@business.com,555-1447,02/28/2024,Yes
CUST-3048,Patricia Brown,Individual,patricia.brown@email.com,555-1899,02/28/2024,Yes
CUST-3049,James Hernandez,Individual,james.hernandez@email.com,555-7944,02/28/2024,Yes
CUST-3050,Patricia Brown,Individual,patricia.brown@email.com,555-5227,02/28/2024,Yes
CUST-3051,Jennifer Garcia,Individual,jennifer.garcia@email.com,555-3239,02/28/2024,Yes
CUST-3052,John Smith,Individual,john.smith@email.com,555-7384,02/28/2024,Yes
CUST-3053,Robert Williams,Individual,robert.williams@email.com,555-7394,02/28/2024,Yes
CUST-3054,James Hernandez,Individual,james.hernandez@email.com,555-2514,02/28/2024,Yes
CUST-3055,Green Hotel,Business,green.hotel@business.com,555-3286,02/28/2024,Yes
CUST-3056,James Hernandez,Individual,james.hernandez@email.com,555-2689,03/28/2024,Yes
CUST-3057,Jennifer Garcia,Individual,jennifer.garcia@email.com,555-9039,03/28/2024,Yes
CUST-3058,Green Hotel,Business,green.hotel@business.com,555-3737,03/28/2024,Yes
CUST-3059,Happy Catering,Business,happy.catering@business.com,555-4890,03/28/2024,Yes
CUST-3060,Mary Johnson,Individual,mary.johnson@email.com,555-9879,03/28/2024,Yes
CUST-3061,Michael Jones,Individual,michael.jones@email.com,555-9587,03/28/2024,Yes
CUST-3062,Grand Grill,Business,grand.grill@business.com,555-8428,03/28/2024,Yes
CUST-3063,Susan Lopez,Individual,susan.lopez@email.com,555-7426,03/28/2024,Yes
CUST-3064,Happy Catering,Business,happy.catering@business.com,555-7250,03/28/2024,Yes
CUST-3065,Jessica Johnson,Individual,jessica.johnson@email.com,555-3948,03/28/2024,Yes
CUST-3066,Linda Davis,Individual,linda.davis@email.com,555-1372,03/28/2024,Yes
CUST-3067,Michael Jones,Individual,michael.jones@email.com,555-8669,03/28/2024,Yes
CUST-3068,Michael Jones,Individual,michael.jones@email.com,555-8107,03/28/2024,Yes
CUST-3069,Susan Lopez,Individual,susan.lopez@email.com,555-6476,03/28/2024,Yes
CUST-3070,David Rodriguez,Individual,david.rodriguez@email.com,555-1569,03/28/2024,Yes
CUST-3071,John Smith,Individual,john.smith@email.com,555-4522,03/28/2024,Yes
CUST-3072,Patricia Brown,Individual,patricia.brown@email.com,555-8178,03/28/2024,Yes
CUST-3073,Jennifer Garcia,Individual,jennifer.garcia@email.com,555-6522,03/28/2024,Yes
CUST-3074,Jennifer Garcia,Individual,jennifer.garcia@email.com,555-6027,03/28/2024,Yes
CUST-3075,Joseph Smith,Individual,joseph.smith@email.com,555-4900,03/28/2024,Yes
CUST-3076,Joseph Smith,Individual,joseph.smith@email.com,555-1272,03/28/2024,Yes
CUST-3077,Green Hotel,Business,green.hotel@business.com,555-5751,03/28/2024,Yes
CUST-3078,Robert Williams,Individual,robert.williams@email.com,555-5084,03/28/2024,Yes
CUST-3079,Jessica Johnson,Individual,jessica.johnson@email.com,555-1543,03/28/2024,Yes
CUST-3080,John Smith,Individual,john.smith@email.com,555-6693,03/28/2024,Yes
CUST-3081,Sunrise Cafe,Business,sunrise.cafe@business.com,555-9107,03/28/2024,Yes
CUST-3082,John Smith,Individual,john.smith@email.com,555-9821,03/28/2024,Yes
CUST-3083,Grand Grill,Business,grand.grill@business.com,555-1597,03/28/2024,Yes
CUST-3084,Susan Lopez,Individual,susan.lopez@email.com,555-3205,03/28/2024,Yes
CUST-3085,Jennifer Garcia,Individual,jennifer.garcia@email.com,555-3940,03/28/2024,Yes
CUST-3086,Mary Johnson,Individual,mary.johnson@email.com,555-5028,03/28/2024,Yes
CUST-3087,John Smith,Individual,john.smith@email.com,555-1379,03/28/2024,Yes
CUST-3088,Linda Davis,Individual,linda.davis@email.com,555-8911,03/28/2024,Yes
CUST-3089,John Williams,Individual,john.williams@email.com,555-7458,03/28/2024,Yes
CUST-3090,James Hernandez,Individual,james.hernandez@email.com,555-1300,03/28/2024,Yes
CUST-3091,John Williams,Individual,john.williams@email.com,555-4462,03/28/2024,Yes
CUST-3092,Happy Catering,Business,happy.catering@business.com,555-4736,03/28/2024,Yes
CUST-3093,Green Hotel,Business,green.hotel@business.com,555-6663,03/28/2024,Yes
CUST-3094,James Hernandez,Individual,james.hernandez@email.com,555-5280,03/28/2024,Yes
CUST-3095,Michael Jones,Individual,michael.jones@email.com,555-9084,03/28/2024,Yes
CUST-3096,Linda Davis,Individual,linda.davis@email.com,555-4806,03/28/2024,Yes
CUST-3097,John Williams,Individual,john.williams@email.com,555-8171,03/28/2024,Yes
CUST-3098,Mary Johnson,Individual,mary.johnson@email.com,555-7722,03/28/2024,Yes
CUST-3099,Joseph Smith,Individual,joseph.smith@email.com,555-9002,03/28/2024,Yes
CUST-3100,Joseph Smith,Individual,joseph.smith@email.com,555-8810,03/28/2024,Yes
CUST-3101,Sunrise Cafe,Business,sunrise.cafe@business.com,555-4464,03/28/2024,Yes
CUST-3102,Michael Jones,Individual,michael.jones@email.com,555-5573,03/28/2024,Yes
CUST-3103,Happy Catering,Business,happy.catering@business.com,555-1782,03/28/2024,Yes
CUST-3104,David Rodriguez,Individual,david.rodriguez@email.com,555-4114,03/28/2024,Yes
CUST-3105,Elizabeth Martinez,Individual,elizabeth.martinez@email.com,555-7025,03/28/2024,Yes
CUST-3106,Linda Davis,Individual,linda.davis@email.com,555-8582,04/28/2024,Yes
CUST-3107,Jennifer Garcia,Individual,jennifer.garcia@email.com,555-3386,04/28/2024,Yes
CUST-3108,Robert Williams,Individual,robert.williams@email.com,555-7281,04/28/2024,Yes
CUST-3109,Joseph Smith,Individual,joseph.smith@email.com,555-7048,04/28/2024,Yes
CUST-3110,John Williams,Individual,john.williams@email.com,555-3859,04/28/2024,Yes
CUST-3111,Grand Grill,Business,grand.grill@business.com,555-2750,04/28/2024,Yes
CUST-3112,David Rodriguez,Individual,david.rodriguez@email.com,555-1857,04/28/2024,Yes
CUST-3113,David Rodriguez,Individual,david.rodriguez@email.com,555-2832,04/28/2024,Yes
CUST-3114,Grand Grill,Business,grand.grill@business.com,555-8180,04/28/2024,Yes
CUST-3115,Michael Jones,Individual,michael.jones@email.com,555-2650,04/28/2024,Yes
CUST-3116,City Bistro,Business,city.bistro@business.com,555-2873,04/28/2024,Yes
CUST-3117,Mary Johnson,Individual,mary.johnson@email.com,555-5661,04/28/2024,Yes
CUST-3118,Green Hotel,Business,green.hotel@business.com,555-4291,04/28/2024,Yes
CUST-3119,Green Hotel,Business,green.hotel@business.com,555-3307,04/28/2024,Yes
CUST-3120,Sunrise Cafe,Business,sunrise.cafe@business.com,555-8841,04/28/2024,Yes
CUST-3121,David Rodriguez,Individual,david.rodriguez@email.com,555-3705,04/28/2024,Yes
CUST-3122,Jessica Johnson,Individual,jessica.johnson@email.com,555-7550,04/28/2024,Yes
CUST-3123,Green Hotel,Business,green.hotel@business.com,555-3250,04/28/2024,Yes
CUST-3124,Sunrise Cafe,Business,sunrise.cafe@business.com,555-3328,04/28/2024,Yes
CUST-3125,Jessica Johnson,Individual,jessica.johnson@email.com,555-7306,04/28/2024,Yes
CUST-3126,Patricia Brown,Individual,patricia.brown@email.com,555-8910,04/28/2024,Yes
CUST-3127,James Hernandez,Individual,james.hernandez@email.com,555-8469,04/28/2024,Yes
CUST-3128,John Williams,Individual,john.williams@email.com,555-1027,04/28/2024,Yes
CUST-3129,Michael Jones,Individual,michael.jones@email.com,555-1470,04/28/2024,Yes
CUST-3130,Happy Catering,Business,happy.catering@business.com,555-8152,04/28/2024,Yes
CUST-3131,Joseph Smith,Individual,joseph.smith@email.com,555-4137,04/28/2024,Yes
CUST-3132,Susan Lopez,Individual,susan.lopez@email.com,555-2143,04/28/2024,Yes
CUST-3133,Susan Lopez,Individual,susan.lopez@email.com,555-5235,04/28/2024,Yes
CUST-3134,William Miller,Individual,william.miller@email.com,555-7085,04/28/2024,Yes
CUST-3135,Susan Lopez,Individual,susan.lopez@email.com,555-1173,04/28/2024,Yes
CUST-3136,Mary Johnson,Individual,mary.johnson@email.com,555-8661,04/28/2024,Yes
CUST-3137,John Smith,Individual,john.smith@email.com,555-1743,04/28/2024,Yes
CUST-3138,Joseph Smith,Individual,joseph.smith@email.com,555-1652,04/28/2024,Yes
CUST-3139,Jessica Johnson,Individual,jessica.johnson@email.com,555-9840,04/28/2024,Yes
CUST-3140,Grand Grill,Business,grand.grill@business.com,555-4378,04/28/2024,Yes
CUST-3141,Robert Williams,Individual,robert.williams@email.com,555-1279,05/28/2024,Yes
CUST-3142,Susan Lopez,Individual,susan.lopez@email.com,555-7025,05/28/2024,Yes
CUST-3143,Linda Davis,Individual,linda.davis@email.com,555-1230,05/28/2024,Yes
CUST-3144,Sunrise Cafe,Business,sunrise.cafe@business.com,555-5450,05/28/2024,Yes
CUST-3145,Joseph Smith,Individual,joseph.smith@email.com,555-6230,05/28/2024,Yes
CUST-3146,City Bistro,Business,city.bistro@business.com,555-4226,05/28/2024,Yes
CUST-3147,Michael Jones,Individual,michael.jones@email.com,555-5916,05/28/2024,Yes
CUST-3148,Patricia Brown,Individual,patricia.brown@email.com,555-8171,05/28/2024,Yes
CUST-3149,Green Hotel,Business,green.hotel@business.com,555-4789,05/28/2024,Yes
CUST-3150,Happy Catering,Business,happy.catering@business.com,555-5002,05/28/2024,Yes
CUST-3151,Green Hotel,Business,green.hotel@business.com,555-5798,05/28/2024,Yes
CUST-3152,Sunrise Cafe,Business,sunrise.cafe@business.com,555-8937,05/28/2024,Yes
CUST-3153,William Miller,Individual,william.miller@email.com,555-1414,05/28/2024,Yes
CUST-3154,William Miller,Individual,william.miller@email.com,555-6835,05/28/2024,Yes
CUST-3155,Linda Davis,Individual,linda.davis@email.com,555-9343,05/28/2024,Yes
CUST-3156,Robert Williams,Individual,robert.williams@email.com,555-8993,05/28/2024,Yes
CUST-3157,Jessica Johnson,Individual,jessica.johnson@email.com,555-4001,05/28/2024,Yes
CUST-3158,Robert Williams,Individual,robert.williams@email.com,555-8180,05/28/2024,Yes
CUST-3159,Susan Lopez,Individual,susan.lopez@email.com,555-4721,05/28/2024,Yes
CUST-3160,Robert Williams,Individual,robert.williams@email.com,555-2892,05/28/2024,Yes
CUST-3161,James Hernandez,Individual,james.hernandez@email.com,555-1411,05/28/2024,Yes
CUST-3162,Jennifer Garcia,Individual,jennifer.garcia@email.com,555-2857,05/28/2024,Yes
CUST-3163,Robert Williams,Individual,robert.williams@email.com,555-4177,05/28/2024,Yes
CUST-3164,James Hernandez,Individual,james.hernandez@email.com,555-3815,05/28/2024,Yes
CUST-3165,John Smith,Individual,john.smith@email.com,555-7734,05/28/2024,Yes
CUST-3166,Grand Grill,Business,grand.grill@business.com,555-1114,05/28/2024,Yes
CUST-3167,Jennifer Garcia,Individual,jennifer.garcia@email.com,555-5346,05/28/2024,Yes
CUST-3168,City Bistro,Business,city.bistro@business.com,555-3693,05/28/2024,Yes
CUST-3169,Elizabeth Martinez,Individual,elizabeth.martinez@email.com,555-2013,05/28/2024,Yes
CUST-3170,Jennifer Garcia,Individual,jennifer.garcia@email.com,555-9612,05/28/2024,Yes
CUST-3171,Michael Jones,Individual,michael.jones@email.com,555-1270,05/28/2024,Yes
CUST-3172,Jessica Johnson,Individual,jessica.johnson@email.com,555-9362,05/28/2024,Yes
CUST-3173,Jennifer Garcia,Individual,jennifer.garcia@email.com,555-2076,05/28/2024,Yes
CUST-3174,Linda Davis,Individual,linda.davis@email.com,555-6888,05/28/2024,Yes
CUST-3175,Elizabeth Martinez,Individual,elizabeth.martinez@email.com,555-8777,05/28/2024,Yes
CUST-3176,Susan Lopez,Individual,susan.lopez@email.com,555-4223,05/28/2024,Yes
CUST-3177,David Rodriguez,Individual,david.rodriguez@email.com,555-3205,05/28/2024,Yes
CUST-3178,Jennifer Garcia,Individual,jennifer.garcia@email.com,555-8752,05/28/2024,Yes
CUST-3179,William Miller,Individual,william.miller@email.com,555-5147,05/28/2024,Yes
CUST-3180,Michael Jones,Individual,michael.jones@email.com,555-6412,05/28/2024,Yes
CUST-3181,Grand Grill,Business,grand.grill@business.com,555-2652,05/28/2024,Yes
CUST-3182,Sunrise Cafe,Business,sunrise.cafe@business.com,555-8780,05/28/2024,Yes
CUST-3183,William Miller,Individual,william.miller@email.com,555-6147,05/28/2024,Yes
CUST-3184,Susan Lopez,Individual,susan.lopez@email.com,555-5365,05/28/2024,Yes
CUST-3185,City Bistro,Business,city.bistro@business.com,555-7560,05/28/2024,Yes
CUST-3186,Robert Williams,Individual,robert.williams@email.com,555-3179,05/28/2024,Yes
CUST-3187,John Smith,Individual,john.smith@email.com,555-6549,05/28/2024,Yes
CUST-3188,Linda Davis,Individual,linda.davis@email.com,555-9451,05/28/2024,Yes
CUST-3189,Jennifer Garcia,Individual,jennifer.garcia@email.com,555-6098,05/28/2024,Yes
CUST-3190,City Bistro,Business,city.bistro@business.com,555-5322,05/28/2024,Yes
CUST-3191,William Miller,Individual,william.miller@email.com,555-9334,06/28/2024,Yes
CUST-3192,Mary Johnson,Individual,mary.johnson@email.com,555-4098,06/28/2024,Yes
CUST-3193,Susan Lopez,Individual,susan.lopez@email.com,555-2476,06/28/2024,Yes
CUST-3194,Linda Davis,Individual,linda.davis@email.com,555-1493,06/28/2024,Yes
CUST-3195,David Rodriguez,Individual,david.rodriguez@email.com,555-8326,06/28/2024,Yes
CUST-3196,Patricia Brown,Individual,patricia.brown@email.com,555-3827,06/28/2024,Yes
CUST-3197,Grand Grill,Business,grand.grill@business.com,555-7934,06/28/2024,Yes
CUST-3198,William Miller,Individual,william.miller@email.com,555-1586,06/28/2024,Yes
CUST-3199,Sunrise Cafe,Business,sunrise.cafe@business.com,555-1115,06/28/2024,Yes
CUST-3200,Michael Jones,Individual,michael.jones@email.com,555-9499,06/28/2024,Yes
CUST-3201,John Smith,Individual,john.smith@email.com,555-8621,06/28/2024,Yes
CUST-3202,Susan Lopez,Individual,susan.lopez@email.com,555-8248,06/28/2024,Yes
CUST-3203,Susan Lopez,Individual,susan.lopez@email.com,555-6798,06/28/2024,Yes
CUST-3204,Joseph Smith,Individual,joseph.smith@email.com,555-5424,06/28/2024,Yes
CUST-3205,Joseph Smith,Individual,joseph.smith@email.com,555-1906,06/28/2024,Yes
CUST-3206,Susan Lopez,Individual,susan.lopez@email.com,555-8995,06/28/2024,Yes
CUST-3207,Susan Lopez,Individual,susan.lopez@email.com,555-4505,06/28/2024,Yes
CUST-3208,Jennifer Garcia,Individual,jennifer.garcia@email.com,555-4288,06/28/2024,Yes
CUST-3209,Robert Williams,Individual,robert.williams@email.com,555-8267,06/28/2024,Yes
CUST-3210,Grand Grill,Business,grand.grill@business.com,555-3898,06/28/2024,Yes
CUST-3211,Green Hotel,Business,green.hotel@business.com,555-3098,06/28/2024,Yes
CUST-3212,Susan Lopez,Individual,susan.lopez@email.com,555-1406,06/28/2024,Yes
CUST-3213,Patricia Brown,Individual,patricia.brown@email.com,555-2969,06/28/2024,Yes
CUST-3214,David Rodriguez,Individual,david.rodriguez@email.com,555-5931,06/28/2024,Yes
CUST-3215,John Smith,Individual,john.smith@email.com,555-8969,06/28/2024,Yes
CUST-3216,James Hernandez,Individual,james.hernandez@email.com,555-9554,06/28/2024,Yes
CUST-3217,John Williams,Individual,john.williams@email.com,555-8325,06/28/2024,Yes
CUST-3218,Patricia Brown,Individual,patricia.brown@email.com,555-4478,06/28/2024,Yes
CUST-3219,John Williams,Individual,john.williams@email.com,555-7195,06/28/2024,Yes
CUST-3220,Mary Johnson,Individual,mary.johnson@email.com,555-6833,06/28/2024,Yes
CUST-3221,Elizabeth Martinez,Individual,elizabeth.martinez@email.com,555-8466,06/28/2024,Yes
CUST-3222,Robert Williams,Individual,robert.williams@email.com,555-4164,06/28/2024,Yes
CUST-3223,Patricia Brown,Individual,patricia.brown@email.com,555-8183,06/28/2024,Yes
CUST-3224,John Smith,Individual,john.smith@email.com,555-9282,06/28/2024,Yes
CUST-3225,Grand Grill,Business,grand.grill@business.com,555-4899,06/28/2024,Yes
CUST-3226,William Miller,Individual,william.miller@email.com,555-5643,06/28/2024,Yes
CUST-3227,James Hernandez,Individual,james.hernandez@email.com,555-5919,06/28/2024,Yes
CUST-3228,James Hernandez,Individual,james.hernandez@email.com,555-4916,06/28/2024,Yes
CUST-3229,Sunrise Cafe,Business,sunrise.cafe@business.com,555-4908,06/28/2024,Yes
CUST-3230,Sunrise Cafe,Business,sunrise.cafe@business.com,555-9243,06/28/2024,Yes
CUST-3231,Joseph Smith,Individual,joseph.smith@email.com,555-8845,06/28/2024,Yes
CUST-3232,Mary Johnson,Individual,mary.johnson@email.com,555-5915,06/28/2024,Yes
CUST-3233,John Smith,Individual,john.smith@email.com,555-3751,06/28/2024,Yes
CUST-3234,Patricia Brown,Individual,patricia.brown@email.com,555-5449,07/28/2024,Yes
CUST-3235,Jennifer Garcia,Individual,jennifer.garcia@email.com,555-2902,07/28/2024,Yes
CUST-3236,Elizabeth Martinez,Individual,elizabeth.martinez@email.com,555-4325,07/28/2024,Yes
CUST-3237,John Williams,Individual,john.williams@email.com,555-3960,07/28/2024,Yes
CUST-3238,Elizabeth Martinez,Individual,elizabeth.martinez@email.com,555-9348,07/28/2024,Yes
CUST-3239,Patricia Brown,Individual,patricia.brown@email.com,555-7170,07/28/2024,Yes
CUST-3240,James Hernandez,Individual,james.hernandez@email.com,555-5543,07/28/2024,Yes
CUST-3241,John Williams,Individual,john.williams@email.com,555-7995,07/28/2024,Yes
CUST-3242,Mary Johnson,Individual,mary.johnson@email.com,555-5118,07/28/2024,Yes
CUST-3243,David Rodriguez,Individual,david.rodriguez@email.com,555-8501,07/28/2024,Yes
CUST-3244,Patricia Brown,Individual,patricia.brown@email.com,555-3624,07/28/2024,Yes
CUST-3245,John Smith,Individual,john.smith@email.com,555-1122,07/28/2024,Yes
CUST-3246,John Smith,Individual,john.smith@email.com,555-6918,07/28/2024,Yes
CUST-3247,William Miller,Individual,william.miller@email.com,555-1567,07/28/2024,Yes
CUST-3248,Mary Johnson,Individual,mary.johnson@email.com,555-4697,07/28/2024,Yes
CUST-3249,City Bistro,Business,city.bistro@business.com,555-6542,07/28/2024,Yes
CUST-3250,Linda Davis,Individual,linda.davis@email.com,555-7066,07/28/2024,Yes
CUST-3251,Robert Williams,Individual,robert.williams@email.com,555-6352,07/28/2024,Yes
CUST-3252,Linda Davis,Individual,linda.davis@email.com,555-4651,07/28/2024,Yes
CUST-3253,Michael Jones,Individual,michael.jones@email.com,555-3322,07/28/2024,Yes
CUST-3254,John Smith,Individual,john.smith@email.com,555-8322,07/28/2024,Yes
CUST-3255,John Williams,Individual,john.williams@email.com,555-9237,07/28/2024,Yes
CUST-3256,Linda Davis,Individual,linda.davis@email.com,555-2165,07/28/2024,Yes
CUST-3257,Susan Lopez,Individual,susan.lopez@email.com,555-9510,07/28/2024,Yes
CUST-3258,Robert Williams,Individual,robert.williams@email.com,555-6217,07/28/2024,Yes
CUST-3259,William Miller,Individual,william.miller@email.com,555-3070,07/28/2024,Yes
CUST-3260,City Bistro,Business,city.bistro@business.com,555-7279,07/28/2024,Yes
CUST-3261,Robert Williams,Individual,robert.williams@email.com,555-3034,07/28/2024,Yes
CUST-3262,Elizabeth Martinez,Individual,elizabeth.martinez@email.com,555-8883,07/28/2024,Yes
CUST-3263,James Hernandez,Individual,james.hernandez@email.com,555-6172,07/28/2024,Yes
CUST-3264,Jennifer Garcia,Individual,jennifer.garcia@email.com,555-9878,07/28/2024,Yes
CUST-3265,Joseph Smith,Individual,joseph.smith@email.com,555-9037,07/28/2024,Yes
CUST-3266,David Rodriguez,Individual,david.rodriguez@email.com,555-4607,07/28/2024,Yes
CUST-3267,David Rodriguez,Individual,david.rodriguez@email.com,555-4381,07/28/2024,Yes
CUST-3268,Linda Davis,Individual,linda.davis@email.com,555-7118,07/28/2024,Yes
CUST-3269,Mary Johnson,Individual,mary.johnson@email.com,555-3169,07/28/2024,Yes
CUST-3270,Jessica Johnson,Individual,jessica.johnson@email.com,555-4041,07/28/2024,Yes
CUST-3271,Mary Johnson,Individual,mary.johnson@email.com,555-6352,07/28/2024,Yes
CUST-3272,Happy Catering,Business,happy.catering@business.com,555-3214,07/28/2024,Yes
CUST-3273,Joseph Smith,Individual,joseph.smith@email.com,555-3519,07/28/2024,Yes
CUST-3274,City Bistro,Business,city.bistro@business.com,555-1380,07/28/2024,Yes
CUST-3275,David Rodriguez,Individual,david.rodriguez@email.com,555-9513,07/28/2024,Yes
CUST-3276,Patricia Brown,Individual,patricia.brown@email.com,555-8867,07/28/2024,Yes
CUST-3277,Jennifer Garcia,Individual,jennifer.garcia@email.com,555-1291,07/28/2024,Yes
CUST-3278,Michael Jones,Individual,michael.jones@email.com,555-2131,07/28/2024,Yes
CUST-3279,John Williams,Individual,john.williams@email.com,555-1810,07/28/2024,Yes
CUST-3280,William Miller,Individual,william.miller@email.com,555-5765,07/28/2024,Yes
CUST-3281,Jennifer Garcia,Individual,jennifer.garcia@email.com,555-7455,07/28/2024,Yes
CUST-3282,James Hernandez,Individual,james.hernandez@email.com,555-8700,07/28/2024,Yes
CUST-3283,Mary Johnson,Individual,mary.johnson@email.com,555-6481,08/28/2024,Yes
CUST-3284,Mary Johnson,Individual,mary.johnson@email.com,555-1223,08/28/2024,Yes
CUST-3285,John Smith,Individual,john.smith@email.com,555-4633,08/28/2024,Yes
CUST-3286,John Smith,Individual,john.smith@email.com,555-9614,08/28/2024,Yes
CUST-3287,Linda Davis,Individual,linda.davis@email.com,555-8314,08/28/2024,Yes
CUST-3288,David Rodriguez,Individual,david.rodriguez@email.com,555-2101,08/28/2024,Yes
CUST-3289,Happy Catering,Business,happy.catering@business.com,555-9699,08/28/2024,Yes
CUST-3290,James Hernandez,Individual,james.hernandez@email.com,555-3734,08/28/2024,Yes
CUST-3291,Linda Davis,Individual,linda.davis@email.com,555-9477,08/28/2024,Yes
CUST-3292,Green Hotel,Business,green.hotel@business.com,555-6772,08/28/2024,Yes
CUST-3293,James Hernandez,Individual,james.hernandez@email.com,555-8862,08/28/2024,Yes
CUST-3294,City Bistro,Business,city.bistro@business.com,555-9766,08/28/2024,Yes
CUST-3295,James Hernandez,Individual,james.hernandez@email.com,555-6435,08/28/2024,Yes
CUST-3296,Joseph Smith,Individual,joseph.smith@email.com,555-1684,08/28/2024,Yes
CUST-3297,David Rodriguez,Individual,david.rodriguez@email.com,555-4574,08/28/2024,Yes
CUST-3298,Sunrise Cafe,Business,sunrise.cafe@business.com,555-3611,08/28/2024,Yes
CUST-3299,Susan Lopez,Individual,susan.lopez@email.com,555-3496,08/28/2024,Yes
CUST-3300,Joseph Smith,Individual,joseph.smith@email.com,555-3195,08/28/2024,Yes
CUST-3301,David Rodriguez,Individual,david.rodriguez@email.com,555-4470,08/28/2024,Yes
CUST-3302,William Miller,Individual,william.miller@email.com,555-9660,08/28/2024,Yes
CUST-3303,Susan Lopez,Individual,susan.lopez@email.com,555-7486,08/28/2024,Yes
CUST-3304,Mary Johnson,Individual,mary.johnson@email.com,555-2777,08/28/2024,Yes
CUST-3305,Green Hotel,Business,green.hotel@business.com,555-7120,08/28/2024,Yes
CUST-3306,James Hernandez,Individual,james.hernandez@email.com,555-8652,08/28/2024,Yes
CUST-3307,William Miller,Individual,william.miller@email.com,555-7496,08/28/2024,Yes
CUST-3308,Grand Grill,Business,grand.grill@business.com,555-3825,08/28/2024,Yes
CUST-3309,William Miller,Individual,william.miller@email.com,555-9104,08/28/2024,Yes
CUST-3310,Michael Jones,Individual,michael.jones@email.com,555-2582,08/28/2024,Yes
CUST-3311,Jessica Johnson,Individual,jessica.johnson@email.com,555-7671,08/28/2024,Yes
CUST-3312,Robert Williams,Individual,robert.williams@email.com,555-8601,08/28/2024,Yes
CUST-3313,James Hernandez,Individual,james.hernandez@email.com,555-8789,08/28/2024,Yes
CUST-3314,Michael Jones,Individual,michael.jones@email.com,555-8066,09/28/2024,Yes
CUST-3315,Linda Davis,Individual,linda.davis@email.com,555-6704,09/28/2024,Yes
CUST-3316,Susan Lopez,Individual,susan.lopez@email.com,555-4815,09/28/2024,Yes
CUST-3317,James Hernandez,Individual,james.hernandez@email.com,555-3299,09/28/2024,Yes
CUST-3318,John Williams,Individual,john.williams@email.com,555-8187,09/28/2024,Yes
CUST-3319,John Smith,Individual,john.smith@email.com,555-9454,09/28/2024,Yes
CUST-3320,Susan Lopez,Individual,susan.lopez@email.com,555-5386,09/28/2024,Yes
CUST-3321,Michael Jones,Individual,michael.jones@email.com,555-4706,09/28/2024,Yes
CUST-3322,Mary Johnson,Individual,mary.johnson@email.com,555-4120,09/28/2024,Yes
CUST-3323,Jessica Johnson,Individual,jessica.johnson@email.com,555-1802,09/28/2024,Yes
CUST-3324,Happy Catering,Business,happy.catering@business.com,555-3833,09/28/2024,Yes
CUST-3325,Grand Grill,Business,grand.grill@business.com,555-8958,09/28/2024,Yes
CUST-3326,Mary Johnson,Individual,mary.johnson@email.com,555-6417,09/28/2024,Yes
CUST-3327,Green Hotel,Business,green.hotel@business.com,555-7864,09/28/2024,Yes
CUST-3328,Susan Lopez,Individual,susan.lopez@email.com,555-3574,09/28/2024,Yes
CUST-3329,Jennifer Garcia,Individual,jennifer.garcia@email.com,555-4174,09/28/2024,Yes
CUST-3330,Jessica Johnson,Individual,jessica.johnson@email.com,555-2553,09/28/2024,Yes
CUST-3331,Happy Catering,Business,happy.catering@business.com,555-5781,09/28/2024,Yes
CUST-3332,Robert Williams,Individual,robert.williams@email.com,555-5393,09/28/2024,Yes
CUST-3333,Michael Jones,Individual,michael.jones@email.com,555-3474,09/28/2024,Yes
CUST-3334,John Williams,Individual,john.williams@email.com,555-9162,09/28/2024,Yes
CUST-3335,James Hernandez,Individual,james.hernandez@email.com,555-5896,09/28/2024,Yes
CUST-3336,City Bistro,Business,city.bistro@business.com,555-7189,09/28/2024,Yes
CUST-3337,Robert Williams,Individual,robert.williams@email.com,555-7763,09/28/2024,Yes
CUST-3338,Robert Williams,Individual,robert.williams@email.com,555-7142,09/28/2024,Yes
CUST-3339,David Rodriguez,Individual,david.rodriguez@email.com,555-4324,09/28/2024,Yes
CUST-3340,John Smith,Individual,john.smith@email.com,555-6257,09/28/2024,Yes
CUST-3341,David Rodriguez,Individual,david.rodriguez@email.com,555-9390,09/28/2024,Yes
CUST-3342,Jessica Johnson,Individual,jessica.johnson@email.com,555-7881,09/28/2024,Yes
CUST-3343,James Hernandez,Individual,james.hernandez@email.com,555-5522,09/28/2024,Yes
CUST-3344,Linda Davis,Individual,linda.davis@email.com,555-4548,09/28/2024,Yes
CUST-3345,Jennifer Garcia,Individual,jennifer.garcia@email.com,555-3008,09/28/2024,Yes
CUST-3346,City Bistro,Business,city.bistro@business.com,555-3260,09/28/2024,Yes
CUST-3347,David Rodriguez,Individual,david.rodriguez@email.com,555-4704,09/28/2024,Yes
CUST-3348,Robert Williams,Individual,robert.williams@email.com,555-6461,09/28/2024,Yes
CUST-3349,Robert Williams,Individual,robert.williams@email.com,555-9506,09/28/2024,Yes
CUST-3350,Michael Jones,Individual,michael.jones@email.com,555-2379,09/28/2024,Yes
CUST-3351,John Smith,Individual,john.smith@email.com,555-9095,09/28/2024,Yes
CUST-3352,John Williams,Individual,john.williams@email.com,555-2469,09/28/2024,Yes
CUST-3353,Michael Jones,Individual,michael.jones@email.com,555-7944,09/28/2024,Yes
CUST-3354,Mary Johnson,Individual,mary.johnson@email.com,555-3155,09/28/2024,Yes
CUST-3355,Patricia Brown,Individual,patricia.brown@email.com,555-6577,09/28/2024,Yes
CUST-3356,Robert Williams,Individual,robert.williams@email.com,555-4748,09/28/2024,Yes
CUST-3357,John Williams,Individual,john.williams@email.com,555-5387,09/28/2024,Yes
CUST-3358,Patricia Brown,Individual,patricia.brown@email.com,555-2247,09/28/2024,Yes
CUST-3359,Happy Catering,Business,happy.catering@business.com,555-2572,09/28/2024,Yes
CUST-3360,Susan Lopez,Individual,susan.lopez@email.com,555-7409,10/28/2024,Yes
CUST-3361,Happy Catering,Business,happy.catering@business.com,555-2435,10/28/2024,Yes
CUST-3362,James Hernandez,Individual,james.hernandez@email.com,555-9905,10/28/2024,Yes
CUST-3363,Sunrise Cafe,Business,sunrise.cafe@business.com,555-9219,10/28/2024,Yes
CUST-3364,John Smith,Individual,john.smith@email.com,555-5626,10/28/2024,Yes
CUST-3365,Joseph Smith,Individual,joseph.smith@email.com,555-8765,10/28/2024,Yes
CUST-3366,Linda Davis,Individual,linda.davis@email.com,555-6604,10/28/2024,Yes
CUST-3367,Michael Jones,Individual,michael.jones@email.com,555-9838,10/28/2024,Yes
CUST-3368,Happy Catering,Business,happy.catering@business.com,555-8395,10/28/2024,Yes
CUST-3369,Elizabeth Martinez,Individual,elizabeth.martinez@email.com,555-9444,10/28/2024,Yes
CUST-3370,Michael Jones,Individual,michael.jones@email.com,555-3716,10/28/2024,Yes
CUST-3371,Michael Jones,Individual,michael.jones@email.com,555-6866,10/28/2024,Yes
CUST-3372,Happy Catering,Business,happy.catering@business.com,555-8625,10/28/2024,Yes
CUST-3373,Elizabeth Martinez,Individual,elizabeth.martinez@email.com,555-6670,10/28/2024,Yes
CUST-3374,John Smith,Individual,john.smith@email.com,555-1850,10/28/2024,Yes
CUST-3375,Mary Johnson,Individual,mary.johnson@email.com,555-1120,10/28/2024,Yes
CUST-3376,David Rodriguez,Individual,david.rodriguez@email.com,555-9718,10/28/2024,Yes
CUST-3377,Susan Lopez,Individual,susan.lopez@email.com,555-5577,10/28/2024,Yes
CUST-3378,David Rodriguez,Individual,david.rodriguez@email.com,555-8818,10/28/2024,Yes
CUST-3379,Michael Jones,Individual,michael.jones@email.com,555-7191,10/28/2024,Yes
CUST-3380,Patricia Brown,Individual,patricia.brown@email.com,555-6980,10/28/2024,Yes
CUST-3381,Jessica Johnson,Individual,jessica.johnson@email.com,555-1395,10/28/2024,Yes
CUST-3382,William Miller,Individual,william.miller@email.com,555-2696,10/28/2024,Yes
CUST-3383,David Rodriguez,Individual,david.rodriguez@email.com,555-1811,10/28/2024,Yes
CUST-3384,Susan Lopez,Individual,susan.lopez@email.com,555-7302,10/28/2024,Yes
CUST-3385,Linda Davis,Individual,linda.davis@email.com,555-7664,10/28/2024,Yes
CUST-3386,Happy Catering,Business,happy.catering@business.com,555-1643,10/28/2024,Yes
CUST-3387,Jessica Johnson,Individual,jessica.johnson@email.com,555-7946,10/28/2024,Yes
CUST-3388,Mary Johnson,Individual,mary.johnson@email.com,555-5030,10/28/2024,Yes
CUST-3389,Happy Catering,Business,happy.catering@business.com,555-1280,10/28/2024,Yes
CUST-3390,John Smith,Individual,john.smith@email.com,555-2148,10/28/2024,Yes
